episode,timestep,reward,cost
1,2000,-3.3104,0.0
3,4000,0.1156,0.0
5,6000,-2.932,-73.0
7,8000,0.3641,-103.0
9,10000,-1.1487,-23.0
11,12000,-3.8487,0.0
13,14000,-1.491,-34.5
15,16000,-1.0123,-13.5
17,18000,-1.4138,-37.0
19,20000,-1.2115,-73.0
21,22000,0.6641,0.0
23,24000,-1.0755,-11.0
25,26000,0.6533,-32.0
27,28000,1.3055,-53.5
29,30000,0.026,-11.5
31,32000,0.6315,0.0
33,34000,0.1458,0.0
35,36000,-4.543,-35.0
37,38000,-5.0507,-16.5
39,40000,-4.7833,-17.5
41,42000,-2.3773,-204.5
43,44000,-7.7178,0.0
45,46000,-6.3652,-18.5
47,48000,-3.4972,-12.0
49,50000,-7.9828,0.0
51,52000,-1.0754,-12.0
53,54000,-5.1107,-21.5
55,56000,-0.6695,-158.0
57,58000,-1.6011,-210.5
59,60000,-1.3877,-91.0
61,62000,-5.0444,-177.0
63,64000,-4.0926,0.0
65,66000,-0.4323,-27.0
67,68000,-4.6009,0.0
69,70000,-7.2594,0.0
71,72000,-3.2303,-41.0
73,74000,-0.9937,-84.5
75,76000,-2.5153,-332.5
77,78000,-2.3654,-25.5
79,80000,-1.3478,-35.0
81,82000,-2.849,0.0
83,84000,0.0907,-391.5
85,86000,-4.6132,-2.0
87,88000,-3.3398,0.0
89,90000,-3.6132,-161.0
91,92000,-1.7386,-90.0
93,94000,-2.334,-51.0
95,96000,-1.5236,-216.0
97,98000,-0.5251,-67.0
99,100000,-0.6081,-61.5
101,102000,-4.6341,-105.0
103,104000,-0.5916,-83.0
105,106000,-1.3033,0.0
107,108000,-0.8228,-32.0
109,110000,-4.3594,0.0
111,112000,-1.3924,-49.0
113,114000,0.543,-149.0
115,116000,0.4673,-16.5
117,118000,-2.4225,0.0
119,120000,0.3076,-19.5
121,122000,-1.4941,-21.5
123,124000,0.6674,0.0
125,126000,-0.4163,0.0
127,128000,-0.1376,-195.5
129,130000,1.0608,0.0
131,132000,0.1346,-21.5
133,134000,1.6232,-16.0
135,136000,1.3051,0.0
137,138000,1.1667,-76.0
139,140000,-0.8542,0.0
141,142000,-0.1875,-106.5
143,144000,-0.8719,-94.5
145,146000,2.6496,-216.5
147,148000,1.6106,-98.5
149,150000,1.5638,0.0
151,152000,-2.4584,-316.0
153,154000,-0.1434,-80.5
155,156000,4.1075,-220.5
157,158000,1.8094,-202.5
159,160000,0.8749,-102.0
161,162000,3.6375,-236.0
163,164000,-0.6536,-108.0
165,166000,5.6184,-13.5
167,168000,2.1916,-10.0
169,170000,0.4206,-21.5
171,172000,2.5605,-77.0
173,174000,2.1332,-94.0
175,176000,0.7858,-285.0
177,178000,-0.9029,-23.0
179,180000,1.2776,-18.5
181,182000,2.7403,-254.5
183,184000,0.6015,-73.0
185,186000,3.1524,-378.5
187,188000,3.6477,-170.0
189,190000,2.7834,-167.0
191,192000,1.499,-137.5
193,194000,0.938,-160.0
195,196000,1.004,-193.0
197,198000,3.6404,-6.0
199,200000,-0.0836,0.0
201,202000,5.0609,-66.0
203,204000,2.1866,-33.5
205,206000,0.7717,-301.0
207,208000,3.6976,0.0
209,210000,-0.0076,-78.0
211,212000,1.0991,-231.5
213,214000,1.8831,-64.0
215,216000,1.7586,-48.0
217,218000,3.3318,-34.5
219,220000,2.2264,-16.5
221,222000,5.4059,-38.0
223,224000,-0.2718,-13.0
225,226000,3.2575,-68.5
227,228000,1.8385,-105.0
229,230000,2.5188,0.0
231,232000,2.0005,-337.0
233,234000,6.1445,-133.5
235,236000,3.1099,-2.5
237,238000,0.57,-97.5
239,240000,0.8262,-13.0
241,242000,2.683,-21.0
243,244000,0.2316,-35.5
245,246000,1.4963,-13.5
247,248000,1.964,-114.5
249,250000,-0.4649,0.0
251,252000,1.2643,-14.0
253,254000,1.7594,-127.0
255,256000,7.3508,-44.5
257,258000,4.3878,-116.5
259,260000,3.1227,-104.5
261,262000,1.2446,-136.0
263,264000,0.5439,-29.5
265,266000,6.2737,-31.0
267,268000,5.0326,-69.0
269,270000,3.0141,0.0
271,272000,1.314,-24.0
273,274000,3.8911,-37.0
275,276000,2.7842,-12.5
277,278000,-0.3328,-12.5
279,280000,8.7309,-118.5
281,282000,1.2059,-9.5
283,284000,4.3283,-172.5
285,286000,4.3354,-149.0
287,288000,3.022,-40.5
289,290000,2.5366,-25.5
291,292000,-0.5042,0.0
293,294000,4.7002,-43.0
295,296000,1.5946,-14.0
297,298000,3.8574,-16.5
299,300000,3.1833,-431.0
301,302000,5.6109,-36.5
303,304000,4.1885,-110.5
305,306000,5.0646,-97.5
307,308000,3.2847,-54.0
309,310000,4.6773,-61.0
311,312000,7.1318,-343.0
313,314000,0.3139,0.0
315,316000,0.163,-26.0
317,318000,4.3695,-11.5
319,320000,7.4588,-85.0
321,322000,6.1348,-7.5
323,324000,0.6844,-65.5
325,326000,0.4127,0.0
327,328000,4.5991,-70.5
329,330000,9.2192,-68.0
331,332000,6.0131,-103.5
333,334000,3.0051,-41.5
335,336000,4.8114,-49.0
337,338000,6.2895,-68.0
339,340000,0.7614,-22.0
341,342000,8.736,-31.0
343,344000,2.9037,-161.0
345,346000,-4.8116,0.0
347,348000,0.6418,-11.5
349,350000,4.6394,-55.0
351,352000,-0.4488,0.0
353,354000,2.6987,-7.0
355,356000,1.4293,-115.5
357,358000,0.5136,-79.0
359,360000,6.8244,-135.0
361,362000,0.483,0.0
363,364000,2.5666,-79.5
365,366000,-3.4828,0.0
367,368000,3.5654,-16.0
369,370000,0.5646,-140.5
371,372000,4.1574,0.0
373,374000,4.1991,-26.5
375,376000,3.754,-64.5
377,378000,4.7307,-133.5
379,380000,1.4046,-14.5
381,382000,1.3858,-13.5
383,384000,8.3991,-36.5
385,386000,6.4064,-53.5
387,388000,-0.9376,-11.0
389,390000,9.4908,-80.5
391,392000,2.6077,-125.0
393,394000,4.6989,-111.5
395,396000,-1.5122,0.0
397,398000,0.3062,-16.0
399,400000,1.5191,-42.5
401,402000,4.5587,-37.5
403,404000,3.0452,0.0
405,406000,1.9443,-12.0
407,408000,-2.4657,-37.0
409,410000,3.558,-33.5
411,412000,4.635,-143.5
413,414000,0.2948,-168.0
415,416000,4.0231,-137.0
417,418000,2.7379,-259.0
419,420000,3.6212,-157.5
421,422000,0.3529,-7.0
423,424000,1.5779,-6.5
425,426000,7.122,-84.0
427,428000,-3.3486,-180.0
429,430000,-0.8286,-7.0
431,432000,6.2719,-75.0
433,434000,7.3182,0.0
435,436000,3.2803,0.0
437,438000,0.9675,0.0
439,440000,1.1906,-174.0
441,442000,-0.4428,-16.5
443,444000,3.8935,0.0
445,446000,-0.9105,0.0
447,448000,3.0601,-242.0
449,450000,0.9342,-18.5
451,452000,-0.9629,-110.5
453,454000,-0.5931,-8.5
455,456000,1.3722,-145.5
457,458000,5.9296,-63.5
459,460000,-0.2982,-48.5
461,462000,-3.4766,-64.5
463,464000,3.1043,-20.0
465,466000,3.5112,-139.0
467,468000,4.1687,0.0
469,470000,9.1984,-146.0
471,472000,0.979,-23.5
473,474000,-0.2526,-4.0
475,476000,3.4306,-139.5
477,478000,1.6788,-16.0
479,480000,2.7105,-25.0
481,482000,2.9076,-32.5
483,484000,8.6108,-44.5
485,486000,1.854,-7.0
487,488000,1.5516,-37.0
489,490000,4.4013,-14.0
491,492000,3.6533,-30.0
493,494000,1.8936,-41.0
495,496000,2.8339,-32.5
497,498000,8.1494,-15.0
499,500000,2.596,-49.0
501,502000,3.0394,-121.5
503,504000,-2.7237,0.0
505,506000,4.4317,-102.0
507,508000,4.2971,-10.5
509,510000,4.1933,0.0
511,512000,7.4857,-73.0
513,514000,2.1634,0.0
515,516000,2.7529,-35.5
517,518000,6.5053,-24.5
519,520000,3.401,-75.5
521,522000,3.3448,-135.0
523,524000,1.2229,0.0
525,526000,5.6895,-123.5
527,528000,1.4302,-43.0
529,530000,-1.098,-7.0
531,532000,6.9384,-33.0
533,534000,7.0391,-49.0
535,536000,-0.7086,-91.0
537,538000,5.6342,-16.0
539,540000,2.8809,-45.5
541,542000,2.736,0.0
543,544000,0.0115,0.0
545,546000,4.0082,-30.0
547,548000,1.2821,0.0
549,550000,7.4609,-33.0
551,552000,4.6521,-42.5
553,554000,1.9411,-13.0
555,556000,-0.4604,0.0
557,558000,6.6819,-120.0
559,560000,-4.2134,-31.0
561,562000,6.8921,-217.0
563,564000,5.5256,-85.0
565,566000,2.6436,-217.5
567,568000,-0.3736,-20.0
569,570000,2.6091,0.0
571,572000,1.3103,-54.0
573,574000,3.4818,-54.5
575,576000,3.9725,-19.5
577,578000,1.722,-164.5
579,580000,2.0617,0.0
581,582000,6.2184,-45.5
583,584000,-3.452,-14.0
585,586000,2.6233,-340.5
587,588000,3.2359,-62.0
589,590000,2.9091,-33.5
591,592000,3.1936,-197.0
593,594000,-1.0466,-192.5
595,596000,2.1294,-258.5
597,598000,6.6989,-35.5
599,600000,2.3578,-107.5
601,602000,4.7494,0.0
603,604000,2.3381,-34.5
605,606000,1.56,-61.5
607,608000,6.8088,-33.5
609,610000,5.7862,-16.5
611,612000,1.4128,0.0
613,614000,3.4652,-72.0
615,616000,3.4215,-9.0
617,618000,7.021,-67.0
619,620000,5.0566,-14.5
621,622000,3.4024,-82.0
623,624000,1.8231,-19.5
625,626000,5.8694,-39.5
627,628000,3.3182,-77.0
629,630000,0.8803,-10.5
631,632000,4.304,-30.5
633,634000,2.1355,-8.5
635,636000,3.1501,-49.0
637,638000,3.5502,-10.5
639,640000,4.832,0.0
641,642000,2.9979,0.0
643,644000,6.2822,-85.5
645,646000,1.2013,-16.0
647,648000,3.0238,0.0
649,650000,1.7845,-142.0
651,652000,4.3541,0.0
653,654000,-0.3087,0.0
655,656000,4.6732,-14.5
657,658000,3.1609,-65.0
659,660000,0.7225,0.0
661,662000,2.311,-60.0
663,664000,3.7741,-73.0
665,666000,3.2243,-51.5
667,668000,2.8757,-10.5
669,670000,-0.0023,-7.5
671,672000,0.7966,-5.0
673,674000,8.4333,0.0
675,676000,6.2722,0.0
677,678000,6.8009,-140.0
679,680000,1.4179,0.0
681,682000,3.0315,-60.5
683,684000,1.6722,-9.5
685,686000,1.5931,-3.5
687,688000,2.4752,-101.5
689,690000,1.714,-284.0
691,692000,0.0825,0.0
693,694000,3.7346,0.0
695,696000,0.4752,-39.5
697,698000,3.0501,-85.0
699,700000,4.7033,0.0
701,702000,4.2995,-51.5
703,704000,2.8383,-6.5
705,706000,2.6117,-12.0
707,708000,9.1733,-34.0
709,710000,5.4549,-60.5
711,712000,1.2414,0.0
713,714000,4.3288,-120.0
715,716000,1.6205,-260.5
717,718000,0.9164,-10.5
719,720000,2.6966,-14.5
721,722000,3.3579,0.0
723,724000,1.9607,-116.0
725,726000,2.0886,-324.5
727,728000,0.1838,0.0
729,730000,1.3426,0.0
731,732000,2.5317,-322.0
733,734000,-0.9409,0.0
735,736000,-0.0489,-51.5
737,738000,5.1777,0.0
739,740000,2.9237,-22.0
741,742000,7.625,-144.0
743,744000,4.6192,-40.0
745,746000,2.9852,0.0
747,748000,3.5852,-125.5
749,750000,5.8813,-61.5
751,752000,0.1499,0.0
753,754000,4.7244,-73.0
755,756000,3.3006,-7.0
757,758000,9.6501,-46.0
759,760000,7.7758,-63.5
761,762000,3.1485,-11.5
763,764000,9.5889,-98.0
765,766000,-0.3073,-118.5
767,768000,5.3028,0.0
769,770000,0.6561,0.0
771,772000,7.3685,-33.0
773,774000,8.1857,-19.0
775,776000,5.0143,-87.0
777,778000,5.0402,-199.5
779,780000,-1.5378,-6.5
781,782000,0.2981,-11.0
783,784000,0.7644,-112.0
785,786000,5.9243,-17.0
787,788000,2.63,-66.0
789,790000,3.6537,0.0
791,792000,2.1429,-94.0
793,794000,1.9503,-16.0
795,796000,9.1182,-70.0
797,798000,11.9375,-25.0
799,800000,1.2551,-6.5
801,802000,8.875,-56.0
803,804000,8.5916,-82.5
805,806000,5.5293,-142.0
807,808000,5.8411,-72.5
809,810000,4.4416,-62.5
811,812000,1.5961,-15.5
813,814000,10.6746,-280.5
815,816000,5.4957,-85.5
817,818000,7.0497,-24.0
819,820000,5.7532,0.0
821,822000,7.3257,-46.5
823,824000,4.3629,-35.5
825,826000,-0.2291,-104.0
827,828000,-1.2687,-139.0
829,830000,5.6926,-30.0
831,832000,6.2564,-199.0
833,834000,2.5629,0.0
835,836000,1.5504,0.0
837,838000,5.6811,-42.5
839,840000,8.9131,-55.5
841,842000,3.6761,-23.0
843,844000,3.5465,-50.5
845,846000,8.7307,-15.0
847,848000,3.1536,-5.5
849,850000,8.7588,-121.0
851,852000,0.4127,0.0
853,854000,7.504,-61.5
855,856000,-0.1751,-37.5
857,858000,10.3684,-57.5
859,860000,2.4759,0.0
861,862000,5.3786,0.0
863,864000,1.5218,-63.0
865,866000,5.4053,-16.5
867,868000,4.4305,-131.5
869,870000,6.4959,-16.5
871,872000,1.5785,-17.5
873,874000,2.4993,-112.5
875,876000,0.759,0.0
877,878000,1.8811,-34.0
879,880000,6.8577,-26.0
881,882000,5.4504,-54.5
883,884000,5.2346,-12.0
885,886000,-2.2212,0.0
887,888000,3.987,0.0
889,890000,5.8469,-8.0
891,892000,5.7471,-6.0
893,894000,1.252,-46.0
895,896000,3.4791,-7.5
897,898000,7.4508,-31.0
899,900000,0.0695,0.0
901,902000,5.3823,-57.0
903,904000,4.9294,-32.5
905,906000,4.1761,0.0
907,908000,8.0679,-72.5
909,910000,3.5547,-8.0
911,912000,1.0725,-89.0
913,914000,4.4771,-17.5
915,916000,-0.969,0.0
917,918000,0.8947,-7.0
919,920000,-0.1525,-47.0
921,922000,-1.2237,-13.5
923,924000,5.9211,-179.0
925,926000,5.3076,-142.0
927,928000,7.3178,-29.0
929,930000,10.1086,-101.0
931,932000,6.6387,-16.5
933,934000,0.2957,-116.0
935,936000,-0.5576,-137.0
937,938000,1.639,0.0
939,940000,3.2125,-24.0
941,942000,7.8347,-78.5
943,944000,2.503,-35.5
945,946000,4.4447,-14.0
947,948000,6.3895,-46.5
949,950000,6.785,0.0
951,952000,7.2033,-147.0
953,954000,2.6096,-31.0
955,956000,7.9201,0.0
957,958000,3.4515,0.0
959,960000,1.6934,-39.5
961,962000,4.9516,-16.0
963,964000,3.3381,-5.0
965,966000,5.0951,-45.0
967,968000,7.6515,-36.5
969,970000,-1.2962,-15.5
971,972000,-3.5132,-153.0
973,974000,7.051,-38.0
975,976000,4.468,-24.0
977,978000,-2.1927,0.0
979,980000,3.6751,-3.5
981,982000,5.038,-22.5
983,984000,2.3997,-17.0
985,986000,9.7722,-73.5
987,988000,2.2862,0.0
989,990000,10.7886,-64.5
991,992000,9.9879,-43.5
993,994000,1.9378,-9.0
995,996000,2.2237,-11.0
997,998000,0.5679,-49.0
999,1000000,-5.2319,0.0
1001,1002000,-0.4973,0.0
1003,1004000,2.6879,-21.0
1005,1006000,11.8641,-151.5
1007,1008000,9.3596,-81.0
1009,1010000,10.8932,-28.5
1011,1012000,-1.5116,-24.0
1013,1014000,9.747,-78.0
1015,1016000,7.528,-100.0
1017,1018000,6.3498,-18.0
1019,1020000,2.8366,-61.0
1021,1022000,-0.6897,-31.5
1023,1024000,9.9608,-105.5
1025,1026000,2.2287,-12.5
1027,1028000,4.6359,0.0
1029,1030000,5.7174,-66.0
1031,1032000,-3.0285,-17.5
1033,1034000,-3.1963,-11.5
1035,1036000,2.0979,-57.0
1037,1038000,4.3278,-43.5
1039,1040000,4.6168,-269.0
1041,1042000,7.1408,-23.5
1043,1044000,11.0135,-81.0
1045,1046000,3.5365,0.0
1047,1048000,6.0577,-57.5
1049,1050000,8.0161,-130.0
1051,1052000,4.15,-48.0
1053,1054000,-2.0246,0.0
1055,1056000,3.8206,-46.0
1057,1058000,6.7007,-165.5
1059,1060000,1.8242,-96.5
1061,1062000,-5.4946,0.0
1063,1064000,6.9551,-76.0
1065,1066000,-1.2799,-72.0
1067,1068000,3.5419,-16.0
1069,1070000,9.5127,-32.5
1071,1072000,1.1942,-16.0
1073,1074000,0.7675,-19.0
1075,1076000,8.4656,-43.0
1077,1078000,3.8678,-43.5
1079,1080000,5.5379,-148.5
1081,1082000,0.8824,-42.0
1083,1084000,4.5681,-7.5
1085,1086000,4.4778,-13.0
1087,1088000,2.7399,-16.0
1089,1090000,1.8951,-33.5
1091,1092000,5.0102,-48.0
1093,1094000,0.196,0.0
1095,1096000,2.4403,-155.0
1097,1098000,5.9308,-15.0
1099,1100000,3.7594,-16.0
1101,1102000,-2.5992,-58.0
1103,1104000,3.5108,-55.0
1105,1106000,4.3244,-30.0
1107,1108000,1.1021,0.0
1109,1110000,-0.6178,-8.5
1111,1112000,5.1045,-19.0
1113,1114000,1.8475,-43.5
1115,1116000,2.9696,-16.0
1117,1118000,11.4358,-51.0
1119,1120000,1.4163,-40.0
1121,1122000,9.4761,-100.0
1123,1124000,-0.3716,-286.5
1125,1126000,5.7626,-25.0
1127,1128000,1.7173,-18.0
1129,1130000,-2.5526,-9.0
1131,1132000,5.149,-24.0
1133,1134000,2.5513,-86.5
1135,1136000,-0.7792,-8.5
1137,1138000,12.3513,-19.5
1139,1140000,5.0606,-181.5
1141,1142000,11.5869,-45.5
1143,1144000,9.5894,-12.0
1145,1146000,4.4724,-60.0
1147,1148000,3.4879,-73.5
1149,1150000,4.6474,0.0
1151,1152000,6.3205,-5.0
1153,1154000,3.8773,-87.5
1155,1156000,-2.4456,0.0
1157,1158000,4.2553,-420.0
1159,1160000,-1.9155,0.0
1161,1162000,9.2525,-29.5
1163,1164000,8.3713,-49.0
1165,1166000,2.0245,0.0
1167,1168000,-4.8825,0.0
1169,1170000,3.2757,-24.5
1171,1172000,5.5036,-34.5
1173,1174000,1.1643,-22.5
1175,1176000,3.0743,-274.5
1177,1178000,5.4174,-5.5
1179,1180000,4.7508,-9.5
1181,1182000,6.8822,-37.0
1183,1184000,1.7866,0.0
1185,1186000,-1.681,-13.5
1187,1188000,0.1094,-25.5
1189,1190000,-0.1067,0.0
1191,1192000,3.6815,-31.0
1193,1194000,4.2073,-50.5
1195,1196000,2.3504,-21.5
1197,1198000,6.5897,-123.0
1199,1200000,6.2177,-41.5
1201,1202000,-2.465,-57.0
1203,1204000,6.1648,-17.5
1205,1206000,1.7826,-15.5
1207,1208000,9.5641,-68.0
1209,1210000,4.1244,-91.5
1211,1212000,9.7137,0.0
1213,1214000,1.0503,-16.0
1215,1216000,5.87,-9.5
1217,1218000,5.0289,-105.5
1219,1220000,6.349,-16.0
1221,1222000,1.6986,-7.0
1223,1224000,1.0808,-155.0
1225,1226000,3.7327,-75.5
1227,1228000,7.9629,-14.5
1229,1230000,1.2927,-13.5
1231,1232000,4.9622,-4.5
1233,1234000,1.7885,-44.5
1235,1236000,11.5854,-6.0
1237,1238000,2.2161,-18.5
1239,1240000,-2.3034,-9.5
1241,1242000,7.2852,-48.5
1243,1244000,2.612,-63.5
1245,1246000,2.8675,-8.0
1247,1248000,-0.3933,0.0
1249,1250000,3.0084,-26.0
1251,1252000,-1.1665,-17.0
1253,1254000,4.5123,-5.5
1255,1256000,4.8585,-88.0
1257,1258000,0.51,-30.0
1259,1260000,3.2714,-15.5
1261,1262000,-3.5303,0.0
1263,1264000,10.3767,-58.5
1265,1266000,3.208,-25.0
1267,1268000,5.0866,0.0
1269,1270000,5.4544,-48.5
1271,1272000,2.6118,-159.5
1273,1274000,5.5249,-57.5
1275,1276000,6.0214,-26.0
1277,1278000,7.994,-40.5
1279,1280000,-2.8004,0.0
1281,1282000,-1.6837,-136.0
1283,1284000,3.8875,-34.5
1285,1286000,0.7492,-10.0
1287,1288000,3.6122,-83.5
1289,1290000,4.0082,-39.5
1291,1292000,5.7566,-56.0
1293,1294000,4.0724,-90.5
1295,1296000,3.0353,-25.5
1297,1298000,6.9937,-10.0
1299,1300000,-1.6479,-5.5
1301,1302000,8.7453,-34.5
1303,1304000,0.2117,-45.0
1305,1306000,1.9485,-98.0
1307,1308000,1.7572,-113.0
1309,1310000,4.0311,-25.5
1311,1312000,6.5794,-62.0
1313,1314000,2.5577,-92.0
1315,1316000,2.4332,-69.5
1317,1318000,3.6723,-17.0
1319,1320000,0.6921,0.0
1321,1322000,1.5662,-24.5
1323,1324000,1.0847,0.0
1325,1326000,5.1717,-30.0
1327,1328000,5.3872,-7.0
1329,1330000,4.5971,-8.0
1331,1332000,0.2658,-6.0
1333,1334000,6.5236,0.0
1335,1336000,1.9276,-254.0
1337,1338000,4.2533,-13.5
1339,1340000,1.8878,-22.0
1341,1342000,2.5817,-0.5
1343,1344000,2.8317,-21.0
1345,1346000,3.7285,0.0
1347,1348000,3.7869,-18.0
1349,1350000,1.8531,-191.0
1351,1352000,7.3961,-52.5
1353,1354000,-2.3903,-3.0
1355,1356000,-0.3238,-24.5
1357,1358000,3.8717,-42.5
1359,1360000,0.9508,-72.0
1361,1362000,2.6089,-36.0
1363,1364000,7.0878,-130.0
1365,1366000,3.3861,-4.0
1367,1368000,-0.5082,-9.0
1369,1370000,7.166,-59.0
1371,1372000,-0.1333,-81.0
1373,1374000,3.8303,-62.0
1375,1376000,8.4326,-120.0
1377,1378000,5.4839,-56.5
1379,1380000,6.0387,-47.5
1381,1382000,1.8055,0.0
1383,1384000,0.0286,0.0
1385,1386000,7.108,-51.0
1387,1388000,0.1572,-9.5
1389,1390000,4.6296,-40.5
1391,1392000,0.0023,-328.5
1393,1394000,1.7943,-20.0
1395,1396000,0.5306,-31.0
1397,1398000,2.7324,-27.5
1399,1400000,1.8124,-232.0
1401,1402000,3.0213,-91.0
1403,1404000,3.3956,-115.0
1405,1406000,3.3407,-23.0
1407,1408000,1.6089,-44.0
1409,1410000,-0.16,-5.0
1411,1412000,6.7912,-12.5
1413,1414000,8.042,-199.5
1415,1416000,4.4337,-42.0
1417,1418000,2.4904,0.0
1419,1420000,5.7249,-47.5
1421,1422000,-0.2593,0.0
1423,1424000,0.3846,-7.5
1425,1426000,2.42,-9.5
1427,1428000,13.3037,-3.5
1429,1430000,5.5577,0.0
1431,1432000,1.6475,-11.5
1433,1434000,10.675,-21.5
1435,1436000,4.6499,-156.0
1437,1438000,6.2658,-41.5
1439,1440000,2.5139,-11.5
1441,1442000,4.8071,-30.5
1443,1444000,2.2073,0.0
1445,1446000,4.8865,0.0
1447,1448000,3.3623,-15.0
1449,1450000,1.6333,-19.0
1451,1452000,-1.347,-30.0
1453,1454000,5.7588,-12.5
1455,1456000,-0.3037,0.0
1457,1458000,-0.8362,-67.5
1459,1460000,0.6716,-12.5
1461,1462000,2.5684,-41.0
1463,1464000,1.2798,-10.0
1465,1466000,4.3245,-202.0
1467,1468000,5.0293,-46.0
1469,1470000,3.1897,-56.0
1471,1472000,5.7399,-28.5
1473,1474000,1.8622,-16.0
1475,1476000,1.2716,0.0
1477,1478000,5.6931,-242.0
1479,1480000,3.102,-46.0
1481,1482000,0.1896,-18.5
1483,1484000,5.2966,-6.5
1485,1486000,7.6495,-58.5
1487,1488000,0.5823,-27.5
1489,1490000,12.6549,-78.0
1491,1492000,6.5496,-34.5
1493,1494000,7.2338,-56.0
1495,1496000,6.8507,-68.5
1497,1498000,6.2273,-101.0
1499,1500000,8.7423,-44.5
1501,1502000,-0.6145,0.0
1503,1504000,6.2732,-38.0
1505,1506000,5.7339,-38.0
1507,1508000,3.0499,-18.0
1509,1510000,4.8923,-31.5
1511,1512000,3.5812,-46.5
1513,1514000,3.0756,-4.0
1515,1516000,3.1324,-68.5
1517,1518000,0.6862,-509.5
1519,1520000,3.7598,-17.0
1521,1522000,4.6545,0.0
1523,1524000,5.6563,-42.5
1525,1526000,0.7722,-31.5
1527,1528000,3.3581,-12.0
1529,1530000,0.1425,0.0
1531,1532000,1.0021,0.0
1533,1534000,5.1751,-31.0
1535,1536000,2.6035,-14.0
1537,1538000,6.1641,-32.0
1539,1540000,2.8109,-7.0
1541,1542000,1.2107,0.0
1543,1544000,2.9577,-24.0
1545,1546000,7.7938,-100.0
1547,1548000,0.4247,0.0
1549,1550000,0.834,-57.5
1551,1552000,0.0534,-8.5
1553,1554000,3.606,-40.0
1555,1556000,2.0707,0.0
1557,1558000,4.7501,-41.0
1559,1560000,5.6104,-8.0
1561,1562000,3.4169,-77.0
1563,1564000,3.7565,-21.0
1565,1566000,5.3597,-36.0
1567,1568000,5.4292,-65.0
1569,1570000,-0.6451,0.0
1571,1572000,1.451,-26.0
1573,1574000,2.3224,-113.0
1575,1576000,1.6754,-19.0
1577,1578000,5.3705,-25.0
1579,1580000,3.3274,-57.0
1581,1582000,-0.2476,-12.0
1583,1584000,5.4078,-36.5
1585,1586000,2.8152,0.0
1587,1588000,3.7788,-30.5
1589,1590000,7.4068,-50.5
1591,1592000,5.964,-95.5
1593,1594000,7.0272,0.0
1595,1596000,0.7085,0.0
1597,1598000,-1.456,-217.5
1599,1600000,5.5212,-61.5
1601,1602000,-0.6954,0.0
1603,1604000,6.0591,-92.5
1605,1606000,-0.6835,0.0
1607,1608000,2.1349,-28.5
1609,1610000,-0.9833,0.0
1611,1612000,0.3583,-14.5
1613,1614000,3.2341,-14.5
1615,1616000,-0.8168,-41.5
1617,1618000,-3.1403,0.0
1619,1620000,4.7468,-39.5
1621,1622000,5.825,-10.0
1623,1624000,0.138,-187.5
1625,1626000,4.2604,-10.0
1627,1628000,0.8002,-231.5
1629,1630000,0.773,-34.5
1631,1632000,4.0994,-68.5
1633,1634000,6.3642,-71.5
1635,1636000,2.7758,-12.5
1637,1638000,5.1992,-21.5
1639,1640000,-3.7302,0.0
1641,1642000,3.8565,-66.0
1643,1644000,-0.2963,-7.0
1645,1646000,12.1415,-41.5
1647,1648000,11.4965,-98.0
1649,1650000,0.7022,0.0
1651,1652000,10.0329,-47.5
1653,1654000,1.7786,0.0
1655,1656000,3.5583,0.0
1657,1658000,1.1328,0.0
1659,1660000,3.0823,-9.5
1661,1662000,1.9884,-23.0
1663,1664000,3.6674,-6.5
1665,1666000,-1.4842,-27.0
1667,1668000,8.5044,-21.5
1669,1670000,2.7635,0.0
1671,1672000,2.172,0.0
1673,1674000,1.9419,0.0
1675,1676000,6.7492,-23.0
1677,1678000,0.0257,-125.5
1679,1680000,6.7877,-46.5
1681,1682000,4.0396,-26.5
1683,1684000,7.0638,-49.0
1685,1686000,7.2366,-53.5
1687,1688000,1.8353,0.0
1689,1690000,11.1904,-19.0
1691,1692000,6.8232,-66.0
1693,1694000,0.3411,0.0
1695,1696000,3.3193,-33.0
1697,1698000,6.3915,-98.0
1699,1700000,-3.512,-63.5
1701,1702000,4.7547,-148.5
1703,1704000,6.4368,-133.0
1705,1706000,5.5006,-17.5
1707,1708000,2.3655,-8.5
1709,1710000,5.0362,-33.0
1711,1712000,2.5136,-7.5
1713,1714000,9.0365,-81.5
1715,1716000,-0.6496,-163.5
1717,1718000,6.4089,-43.5
1719,1720000,6.0204,-37.5
1721,1722000,-0.2074,0.0
1723,1724000,6.0674,0.0
1725,1726000,8.4189,-150.5
1727,1728000,2.0395,-58.0
1729,1730000,3.1857,-29.5
1731,1732000,1.345,-9.0
1733,1734000,-0.6314,-152.5
1735,1736000,4.5268,0.0
1737,1738000,6.2101,-25.0
1739,1740000,-1.5767,0.0
1741,1742000,6.209,-13.5
1743,1744000,7.0111,-46.5
1745,1746000,6.8977,-47.0
1747,1748000,0.6052,0.0
1749,1750000,0.7559,-9.5
1751,1752000,3.0957,-274.5
1753,1754000,4.4039,-12.5
1755,1756000,2.3116,-21.0
1757,1758000,3.346,-32.0
1759,1760000,1.5867,-40.5
1761,1762000,-0.5919,-10.0
1763,1764000,8.8477,-18.0
1765,1766000,3.1193,-38.5
1767,1768000,1.5453,-15.0
1769,1770000,4.417,-31.5
1771,1772000,1.188,-115.5
1773,1774000,-0.1777,-15.0
1775,1776000,6.2688,-26.0
1777,1778000,3.5342,-330.5
1779,1780000,-2.208,0.0
1781,1782000,7.2605,-83.5
1783,1784000,5.0852,-6.5
1785,1786000,6.4052,-300.5
1787,1788000,3.1514,-28.0
1789,1790000,5.8415,-27.5
1791,1792000,6.4332,-25.5
1793,1794000,1.0353,-180.0
1795,1796000,2.5597,-29.5
1797,1798000,6.1179,-75.0
1799,1800000,2.0215,-14.5
1801,1802000,-0.6021,-22.5
1803,1804000,2.1852,-221.5
1805,1806000,13.4972,-17.5
1807,1808000,-0.1339,-20.5
1809,1810000,2.4892,0.0
1811,1812000,3.5993,-35.5
1813,1814000,1.6755,-35.5
1815,1816000,6.1839,-65.0
1817,1818000,0.5171,-60.5
1819,1820000,7.4894,-176.0
1821,1822000,2.0153,-87.5
1823,1824000,-0.4261,-41.0
1825,1826000,8.8264,-200.0
1827,1828000,2.0566,0.0
1829,1830000,2.4509,-173.5
1831,1832000,9.4318,-8.5
1833,1834000,-2.2033,0.0
1835,1836000,-0.9919,-25.5
1837,1838000,-1.7685,0.0
1839,1840000,0.1905,0.0
1841,1842000,-0.3113,-28.5
1843,1844000,1.6793,0.0
1845,1846000,5.9048,-174.0
1847,1848000,4.2641,-186.5
1849,1850000,1.103,-51.5
1851,1852000,4.6172,-6.0
1853,1854000,6.3474,-213.0
1855,1856000,1.3093,-30.5
1857,1858000,6.8133,-34.5
1859,1860000,3.4935,-52.5
1861,1862000,1.1247,-24.0
1863,1864000,2.6138,-274.0
1865,1866000,6.8054,-26.0
1867,1868000,3.1702,0.0
1869,1870000,4.3971,-44.5
1871,1872000,-0.254,-14.0
1873,1874000,0.3577,-1.5
1875,1876000,2.8243,0.0
1877,1878000,-0.0263,-9.5
1879,1880000,2.2431,-14.5
1881,1882000,3.2244,-25.5
1883,1884000,2.1274,0.0
1885,1886000,-1.234,0.0
1887,1888000,1.9391,-88.0
1889,1890000,2.6805,0.0
1891,1892000,1.1644,-47.0
1893,1894000,3.9273,-11.0
1895,1896000,5.8327,-58.0
1897,1898000,5.8959,-36.0
1899,1900000,2.8273,-16.5
1901,1902000,-1.2399,0.0
1903,1904000,1.5275,-106.0
1905,1906000,1.6784,-54.0
1907,1908000,2.6132,0.0
1909,1910000,4.9125,-7.5
1911,1912000,2.3925,-155.5
1913,1914000,-2.3818,0.0
1915,1916000,5.7263,-108.0
1917,1918000,6.4486,-18.0
1919,1920000,6.4008,0.0
1921,1922000,-0.3972,-164.0
1923,1924000,-0.9236,-48.0
1925,1926000,5.9733,-7.0
1927,1928000,0.0226,-28.5
1929,1930000,3.727,-26.0
1931,1932000,6.7792,-96.0
1933,1934000,0.1544,-38.5
1935,1936000,6.2912,0.0
1937,1938000,7.5152,-91.5
1939,1940000,0.3506,-193.5
1941,1942000,1.9476,0.0
1943,1944000,3.5802,-31.5
1945,1946000,6.2038,-36.0
1947,1948000,3.0664,-46.5
1949,1950000,-0.5301,-125.0
1951,1952000,3.4155,0.0
1953,1954000,2.5249,-101.0
1955,1956000,-0.9536,0.0
1957,1958000,6.4717,-20.0
1959,1960000,0.5042,-14.0
1961,1962000,6.3513,-32.5
1963,1964000,1.7668,-64.5
1965,1966000,3.1671,-22.0
1967,1968000,-0.0818,0.0
1969,1970000,6.677,-47.0
1971,1972000,2.2177,-77.0
1973,1974000,0.8434,0.0
1975,1976000,3.9832,-53.5
1977,1978000,3.4666,-282.5
1979,1980000,8.4219,-243.5
1981,1982000,-0.8897,0.0
1983,1984000,6.5753,0.0
1985,1986000,5.6523,-105.5
1987,1988000,2.5132,-5.5
1989,1990000,3.0494,-87.5
1991,1992000,3.9426,0.0
1993,1994000,4.4586,-35.0
1995,1996000,3.3418,-268.5
1997,1998000,1.0889,-20.0
1999,2000000,3.3396,-3.5
2001,2002000,4.2338,-17.0
2003,2004000,2.7698,-33.5
2005,2006000,2.4163,-24.5
2007,2008000,2.8931,-103.5
2009,2010000,-3.2841,0.0
2011,2012000,3.9292,-99.5
2013,2014000,-1.7575,-102.5
2015,2016000,0.0517,-15.5
2017,2018000,1.2106,0.0
2019,2020000,-1.9517,0.0
2021,2022000,5.2447,-53.5
2023,2024000,0.824,-115.5
2025,2026000,1.9427,-119.5
2027,2028000,2.9068,-27.0
2029,2030000,-2.359,-32.0
2031,2032000,1.4608,-30.0
2033,2034000,2.7928,-12.5
2035,2036000,-1.9079,0.0
2037,2038000,7.4831,-26.5
2039,2040000,4.9418,-250.0
2041,2042000,5.3748,-40.5
2043,2044000,3.027,-17.0
2045,2046000,1.9671,-117.0
2047,2048000,5.0183,-74.0
2049,2050000,3.8408,-74.5
2051,2052000,7.114,-18.5
2053,2054000,0.3596,-41.0
2055,2056000,2.6603,-67.5
2057,2058000,2.8508,-30.5
2059,2060000,2.1753,-33.0
2061,2062000,-0.8802,0.0
2063,2064000,1.3579,-8.5
2065,2066000,3.9802,-56.5
2067,2068000,0.8614,-28.5
2069,2070000,7.424,-83.5
2071,2072000,5.6761,-13.0
2073,2074000,8.0561,-145.0
2075,2076000,6.9127,-19.0
2077,2078000,-2.9962,0.0
2079,2080000,0.8683,0.0
2081,2082000,-1.9104,0.0
2083,2084000,0.5544,-225.0
2085,2086000,5.5505,-43.0
2087,2088000,-1.0274,0.0
2089,2090000,-0.5481,-11.5
2091,2092000,4.3542,-55.0
2093,2094000,-2.4386,0.0
2095,2096000,4.0654,-9.5
2097,2098000,2.2112,-41.5
2099,2100000,-1.1389,-17.0
2101,2102000,3.2158,-7.5
2103,2104000,1.9323,-43.0
2105,2106000,5.537,-77.0
2107,2108000,-0.0961,0.0
2109,2110000,3.5871,0.0
2111,2112000,2.2545,-32.5
2113,2114000,2.0913,-67.5
2115,2116000,3.5535,-44.5
2117,2118000,1.0317,-85.0
2119,2120000,0.7441,-25.5
2121,2122000,2.2984,-6.0
2123,2124000,3.5527,0.0
2125,2126000,2.8185,-39.5
2127,2128000,3.6015,-36.0
2129,2130000,1.3273,-47.0
2131,2132000,3.2751,-6.5
2133,2134000,0.6816,-26.5
2135,2136000,-0.5826,-81.5
2137,2138000,1.6371,0.0
2139,2140000,2.3279,-20.5
2141,2142000,1.8119,-37.0
2143,2144000,4.1361,-43.0
2145,2146000,2.787,-50.0
2147,2148000,-1.5874,0.0
2149,2150000,0.036,-118.5
2151,2152000,3.1642,-25.5
2153,2154000,5.0511,0.0
2155,2156000,-0.8033,-14.5
2157,2158000,2.2298,-18.5
2159,2160000,2.4096,-27.0
2161,2162000,10.8582,-139.5
2163,2164000,-0.5913,0.0
2165,2166000,3.3496,-79.5
2167,2168000,5.4854,-214.5
2169,2170000,4.2004,-4.0
2171,2172000,4.0925,0.0
2173,2174000,5.4792,-17.5
2175,2176000,0.3235,-126.0
2177,2178000,7.9101,-193.0
2179,2180000,2.8026,-11.5
2181,2182000,-1.0018,-26.0
2183,2184000,1.6737,-10.0
2185,2186000,5.1871,-67.5
2187,2188000,7.608,-17.5
2189,2190000,-1.4581,0.0
2191,2192000,3.6985,-65.0
2193,2194000,-0.0028,-44.0
2195,2196000,-1.1602,0.0
2197,2198000,2.1288,0.0
2199,2200000,9.3656,-24.5
2201,2202000,0.9754,-25.5
2203,2204000,-3.7432,-11.0
2205,2206000,1.3614,-157.5
2207,2208000,4.3465,-26.5
2209,2210000,0.9338,-21.5
2211,2212000,1.6071,0.0
2213,2214000,-1.0005,-16.0
2215,2216000,3.4531,-140.5
2217,2218000,2.7866,-6.0
2219,2220000,3.8541,-6.5
2221,2222000,-0.7312,-28.0
2223,2224000,5.7029,-2.5
2225,2226000,8.6619,-77.0
2227,2228000,4.4587,-33.0
2229,2230000,1.2234,0.0
2231,2232000,1.8493,-17.5
2233,2234000,0.0863,-133.5
2235,2236000,0.4078,0.0
2237,2238000,2.8936,-21.0
2239,2240000,1.6977,-16.5
2241,2242000,0.5075,-110.0
2243,2244000,-0.0036,-34.0
2245,2246000,3.4841,-14.5
2247,2248000,-0.646,0.0
2249,2250000,0.0006,-62.0
2251,2252000,3.5966,-32.5
2253,2254000,1.7826,-4.5
2255,2256000,3.088,-18.0
2257,2258000,1.5687,-5.0
2259,2260000,3.6921,-131.0
2261,2262000,7.8126,-151.0
2263,2264000,0.6709,-6.5
2265,2266000,0.756,-239.5
2267,2268000,-1.5619,0.0
2269,2270000,0.4161,-288.0
2271,2272000,4.6741,-40.5
2273,2274000,1.1942,-6.0
2275,2276000,-4.515,0.0
2277,2278000,-1.1134,0.0
2279,2280000,0.5772,0.0
2281,2282000,4.5323,-8.0
2283,2284000,-0.7625,-15.0
2285,2286000,0.7547,-81.0
2287,2288000,1.2664,0.0
2289,2290000,1.3147,-7.0
2291,2292000,4.1324,-23.0
2293,2294000,1.279,-27.0
2295,2296000,1.699,-43.0
2297,2298000,3.4059,-33.0
2299,2300000,2.921,-45.5
2301,2302000,3.9691,0.0
2303,2304000,7.5144,-33.5
2305,2306000,3.2405,0.0
2307,2308000,-1.7118,-171.5
2309,2310000,1.1517,-45.5
2311,2312000,0.837,-25.0
2313,2314000,1.4065,0.0
2315,2316000,5.7662,-46.0
2317,2318000,1.515,-38.0
2319,2320000,5.0123,-39.0
2321,2322000,0.0967,-51.5
2323,2324000,1.5608,0.0
2325,2326000,0.4126,-5.5
2327,2328000,-0.496,0.0
2329,2330000,1.1264,-30.0
2331,2332000,0.8161,-10.0
2333,2334000,1.986,-12.0
2335,2336000,3.7055,0.0
2337,2338000,7.5986,0.0
2339,2340000,3.3954,-57.5
2341,2342000,1.216,-64.5
2343,2344000,-1.6748,0.0
2345,2346000,-1.8233,0.0
2347,2348000,0.3036,0.0
2349,2350000,3.3458,-13.5
2351,2352000,1.5022,-7.5
2353,2354000,3.178,0.0
2355,2356000,1.8043,0.0
2357,2358000,2.9703,-39.0
2359,2360000,4.2521,-71.5
2361,2362000,0.1774,-25.5
2363,2364000,3.0157,-204.5
2365,2366000,-0.1151,-18.0
2367,2368000,2.3736,-14.0
2369,2370000,0.918,-46.0
2371,2372000,-0.1421,-255.0
2373,2374000,3.1358,-38.0
2375,2376000,8.6992,-80.0
2377,2378000,5.1241,-29.5
2379,2380000,-1.3409,0.0
2381,2382000,1.5423,-2.5
2383,2384000,7.5507,-81.5
2385,2386000,2.5433,-18.0
2387,2388000,3.7778,-45.5
2389,2390000,-2.8188,-16.0
2391,2392000,1.8903,-37.0
2393,2394000,2.1553,-241.0
2395,2396000,4.9733,-96.5
2397,2398000,6.9803,-215.0
2399,2400000,-0.5439,-229.5
2401,2402000,1.8484,-24.0
2403,2404000,5.4902,-116.5
2405,2406000,0.7609,0.0
2407,2408000,3.834,-27.0
2409,2410000,5.1037,-95.0
2411,2412000,1.9058,0.0
2413,2414000,3.6063,-64.5
2415,2416000,1.336,-292.5
2417,2418000,0.1505,-90.5
2419,2420000,8.6839,-46.0
2421,2422000,2.7914,-2.5
2423,2424000,1.9082,0.0
2425,2426000,1.1179,-64.0
2427,2428000,2.863,-88.0
2429,2430000,-0.1655,0.0
2431,2432000,-0.9251,0.0
2433,2434000,1.8081,-6.5
2435,2436000,1.4643,0.0
2437,2438000,7.7226,-29.5
2439,2440000,0.4563,-35.5
2441,2442000,1.1327,-20.0
2443,2444000,1.8204,0.0
2445,2446000,-0.7344,-60.5
2447,2448000,0.3143,0.0
2449,2450000,-2.6436,0.0
2451,2452000,4.0749,-14.0
2453,2454000,2.0152,0.0
2455,2456000,0.188,-59.0
2457,2458000,1.5871,0.0
2459,2460000,0.9892,-9.0
2461,2462000,-0.337,0.0
2463,2464000,1.9897,-45.5
2465,2466000,4.3398,-41.0
2467,2468000,2.6178,-7.0
2469,2470000,2.7242,-108.5
2471,2472000,1.6369,-32.0
2473,2474000,-0.0987,-308.0
2475,2476000,2.7699,-22.0
2477,2478000,-0.701,0.0
2479,2480000,0.2173,0.0
2481,2482000,2.1711,-69.5
2483,2484000,2.2308,-21.5
2485,2486000,1.9328,-45.5
2487,2488000,1.0161,0.0
2489,2490000,3.5249,-4.0
2491,2492000,0.1542,-9.0
2493,2494000,5.6878,-16.0
2495,2496000,1.9713,-82.0
2497,2498000,1.2382,-15.5
2499,2500000,8.681,-42.5
2501,2502000,-1.1865,-19.0
2503,2504000,3.7288,0.0
2505,2506000,1.2563,-202.5
2507,2508000,6.0099,-2.5
2509,2510000,0.0681,-181.5
2511,2512000,3.6613,0.0
2513,2514000,1.9335,0.0
2515,2516000,2.468,0.0
2517,2518000,2.3474,-29.0
2519,2520000,0.0303,-6.5
2521,2522000,2.0901,-242.0
2523,2524000,-1.9848,-6.0
2525,2526000,2.2257,-81.0
2527,2528000,2.1137,-7.5
2529,2530000,3.6414,-15.5
2531,2532000,0.02,-25.0
2533,2534000,2.5731,-142.0
2535,2536000,-2.0326,0.0
2537,2538000,0.8266,-239.5
2539,2540000,0.948,0.0
2541,2542000,3.2295,-31.5
2543,2544000,-0.1959,-4.5
2545,2546000,1.1127,-7.5
2547,2548000,4.3581,0.0
2549,2550000,5.7405,-3.5
2551,2552000,1.063,0.0
2553,2554000,3.7847,-120.0
2555,2556000,-1.3048,0.0
2557,2558000,1.6423,-13.5
2559,2560000,-0.1411,-4.5
2561,2562000,-0.1247,-100.5
2563,2564000,1.8845,-24.0
2565,2566000,1.7495,-1.5
2567,2568000,2.3183,0.0
2569,2570000,2.7391,-96.0
2571,2572000,2.8115,-19.0
2573,2574000,6.1909,-16.5
2575,2576000,0.2878,-78.0
2577,2578000,3.0716,-7.5
2579,2580000,1.3998,0.0
2581,2582000,1.7702,-71.5
2583,2584000,3.4488,-135.5
2585,2586000,2.5908,-71.5
2587,2588000,1.2306,-95.0
2589,2590000,4.7145,-21.0
2591,2592000,1.8186,-18.5
2593,2594000,-0.199,0.0
2595,2596000,-0.0681,-10.0
2597,2598000,2.4366,-163.0
2599,2600000,4.7955,0.0
2601,2602000,1.7928,-176.0
2603,2604000,5.7269,-29.0
2605,2606000,2.3985,-41.5
2607,2608000,0.6343,0.0
2609,2610000,4.3896,-174.0
2611,2612000,1.3545,0.0
2613,2614000,1.1916,-10.5
2615,2616000,-0.429,0.0
2617,2618000,2.2943,0.0
2619,2620000,4.0897,0.0
2621,2622000,0.9222,0.0
2623,2624000,-1.1041,-11.5
2625,2626000,1.6113,-45.0
2627,2628000,1.908,-33.0
2629,2630000,5.235,-208.5
2631,2632000,2.2723,-9.0
2633,2634000,1.7779,-41.0
2635,2636000,2.0684,-27.5
2637,2638000,3.9098,-184.5
2639,2640000,2.2289,-68.5
2641,2642000,4.9851,-76.0
2643,2644000,0.8269,-133.5
2645,2646000,0.9537,-39.0
2647,2648000,6.2751,-41.0
2649,2650000,-1.6006,0.0
2651,2652000,3.1832,-34.5
2653,2654000,8.1941,-88.0
2655,2656000,1.6271,0.0
2657,2658000,2.5234,-84.5
2659,2660000,-0.5055,-15.0
2661,2662000,0.5426,-26.5
2663,2664000,4.6819,-57.0
2665,2666000,4.6718,-94.5
2667,2668000,6.8411,-14.5
2669,2670000,-3.5915,-13.0
2671,2672000,1.3909,-34.5
2673,2674000,0.9271,-14.5
2675,2676000,-0.7127,0.0
2677,2678000,0.8335,-8.0
2679,2680000,3.4044,-32.5
2681,2682000,1.1564,-17.5
2683,2684000,0.8484,0.0
2685,2686000,0.3819,-52.0
2687,2688000,0.362,0.0
2689,2690000,6.638,-65.0
2691,2692000,-0.9385,-17.0
2693,2694000,-1.658,0.0
2695,2696000,4.2874,-54.0
2697,2698000,3.4414,-142.5
2699,2700000,2.7178,-49.0
2701,2702000,0.2604,-367.0
2703,2704000,4.4447,-58.5
2705,2706000,4.9122,-39.5
2707,2708000,5.0865,-5.0
2709,2710000,0.9591,-24.5
2711,2712000,3.4438,-77.0
2713,2714000,2.197,-7.5
2715,2716000,2.6768,-44.0
2717,2718000,-0.7779,-9.5
2719,2720000,-0.9107,-26.0
2721,2722000,1.2681,-8.0
2723,2724000,1.5569,-43.0
2725,2726000,0.8112,-146.5
2727,2728000,3.0885,0.0
2729,2730000,5.6514,-14.0
2731,2732000,1.3074,-60.0
2733,2734000,4.4483,-44.0
2735,2736000,1.6824,-60.0
2737,2738000,6.4144,-26.0
2739,2740000,5.2568,-65.5
2741,2742000,1.5656,-30.0
2743,2744000,-1.0371,0.0
2745,2746000,4.432,0.0
2747,2748000,0.767,-43.5
2749,2750000,4.8055,-55.0
2751,2752000,1.9009,-7.5
2753,2754000,3.031,-172.5
2755,2756000,-0.2899,-10.5
2757,2758000,-1.7852,-25.0
2759,2760000,-0.5386,-22.0
2761,2762000,0.7956,-17.5
2763,2764000,6.5807,0.0
2765,2766000,1.4968,0.0
2767,2768000,7.8355,-43.5
2769,2770000,-0.2888,0.0
2771,2772000,1.1634,-8.5
2773,2774000,-0.2307,-7.5
2775,2776000,2.4989,0.0
2777,2778000,-0.08,-26.5
2779,2780000,6.3797,-66.0
2781,2782000,-0.468,-95.5
2783,2784000,-0.3357,0.0
2785,2786000,-0.1614,-12.5
2787,2788000,1.0525,0.0
2789,2790000,2.627,0.0
2791,2792000,-0.7812,0.0
2793,2794000,0.7324,-108.5
2795,2796000,1.4063,0.0
2797,2798000,1.5416,-12.5
2799,2800000,1.1712,0.0
2801,2802000,-2.4386,-12.0
2803,2804000,0.125,-50.0
2805,2806000,1.4951,-134.5
2807,2808000,4.9074,-28.5
2809,2810000,-1.1071,-10.5
2811,2812000,5.2042,-23.0
2813,2814000,6.0955,-30.5
2815,2816000,4.4202,-146.0
2817,2818000,0.5,-28.0
2819,2820000,0.0108,0.0
2821,2822000,2.6178,-66.0
2823,2824000,1.8817,-10.5
2825,2826000,2.1957,0.0
2827,2828000,4.7611,-9.5
2829,2830000,-0.4745,0.0
2831,2832000,-0.4247,0.0
2833,2834000,1.4725,-36.5
2835,2836000,3.3016,-40.5
2837,2838000,-1.3083,0.0
2839,2840000,1.4149,-113.0
2841,2842000,3.6866,0.0
2843,2844000,6.8799,-19.5
2845,2846000,1.1208,0.0
2847,2848000,1.6804,0.0
2849,2850000,2.161,-50.0
2851,2852000,5.1343,-32.0
2853,2854000,0.9362,0.0
2855,2856000,2.24,-8.0
2857,2858000,9.0239,-27.0
2859,2860000,-1.6931,-136.0
2861,2862000,-0.2774,0.0
2863,2864000,0.5766,0.0
2865,2866000,0.9038,0.0
2867,2868000,4.6552,-17.5
2869,2870000,0.7725,-8.0
2871,2872000,2.5265,-83.5
2873,2874000,4.0141,-65.0
2875,2876000,5.8216,-68.5
2877,2878000,5.2427,-22.0
2879,2880000,2.2356,-42.0
2881,2882000,1.784,-11.0
2883,2884000,-0.0649,-9.0
2885,2886000,4.0354,-28.5
2887,2888000,3.6394,-149.5
2889,2890000,3.8347,-44.5
2891,2892000,0.355,0.0
2893,2894000,0.4018,-3.0
2895,2896000,1.5221,-51.5
2897,2898000,2.3162,0.0
2899,2900000,4.7231,-3.5
2901,2902000,1.6827,-15.5
2903,2904000,0.3476,-420.5
2905,2906000,3.3438,-10.5
2907,2908000,3.3631,0.0
2909,2910000,-0.6103,-19.0
2911,2912000,-1.4789,-9.5
2913,2914000,0.9748,-20.0
2915,2916000,3.5271,-38.0
2917,2918000,1.9235,-20.5
2919,2920000,2.7238,-35.0
2921,2922000,3.268,0.0
2923,2924000,0.6718,-7.0
2925,2926000,1.4023,-39.5
2927,2928000,-0.8116,-34.0
2929,2930000,3.1034,-109.0
2931,2932000,-1.8642,-115.0
2933,2934000,3.7864,-11.5
2935,2936000,2.3508,-122.0
2937,2938000,6.3502,-41.5
2939,2940000,0.4079,-13.0
2941,2942000,2.2549,-15.5
2943,2944000,2.1295,-51.0
2945,2946000,3.1983,-117.5
2947,2948000,-1.5247,0.0
2949,2950000,-1.5519,0.0
2951,2952000,2.1845,-24.0
2953,2954000,3.3315,0.0
2955,2956000,3.2706,-8.0
2957,2958000,6.3871,-51.5
2959,2960000,6.1764,-100.5
2961,2962000,3.6569,-46.5
2963,2964000,3.8168,-213.0
2965,2966000,3.8256,-57.0
2967,2968000,0.6502,0.0
2969,2970000,-0.4678,-82.5
2971,2972000,-0.3353,-26.0
2973,2974000,1.3483,-62.0
2975,2976000,-0.1184,0.0
2977,2978000,2.7069,-37.0
2979,2980000,5.6466,-17.0
2981,2982000,1.9455,-17.5
2983,2984000,4.4573,-23.0
2985,2986000,1.1873,-71.0
2987,2988000,0.2325,-12.5
2989,2990000,3.4038,-31.5
2991,2992000,-1.0474,0.0
2993,2994000,3.5524,-18.0
2995,2996000,4.0455,-144.0
2997,2998000,5.7102,-11.5
2999,3000000,1.7511,-15.5
3001,3002000,1.0323,0.0
3003,3004000,-1.9187,0.0
3005,3006000,-1.57,-40.0
3007,3008000,-0.8235,-98.5
3009,3010000,3.8274,-53.5
3011,3012000,7.8009,-45.0
3013,3014000,0.8558,0.0
3015,3016000,2.8305,0.0
3017,3018000,-0.7177,0.0
3019,3020000,0.5077,-435.5
3021,3022000,0.5845,-58.0
3023,3024000,-0.3102,0.0
3025,3026000,4.5215,-94.5
3027,3028000,0.2524,-66.0
3029,3030000,-0.768,0.0
3031,3032000,2.9329,-43.0
3033,3034000,1.2408,-122.0
3035,3036000,-1.0935,-296.0
3037,3038000,0.4726,-87.5
3039,3040000,1.8514,0.0
3041,3042000,2.6849,0.0
3043,3044000,0.3809,-11.0
3045,3046000,9.3084,-35.0
3047,3048000,3.3943,0.0
3049,3050000,2.6354,-19.0
3051,3052000,4.1315,-119.5
3053,3054000,2.2084,-60.0
3055,3056000,0.8126,-8.5
3057,3058000,3.3702,-333.5
3059,3060000,6.1728,-347.5
3061,3062000,-0.6055,-13.5
3063,3064000,3.588,-19.5
3065,3066000,4.4885,-272.0
3067,3068000,4.0049,-22.5
3069,3070000,-1.712,-22.5
3071,3072000,2.2481,0.0
3073,3074000,2.3661,-75.0
3075,3076000,-0.534,-23.5
3077,3078000,4.8522,-20.0
3079,3080000,1.637,-7.5
3081,3082000,3.3982,-31.5
3083,3084000,4.9174,-82.0
3085,3086000,-0.8331,-39.5
3087,3088000,3.8791,-88.0
3089,3090000,3.1878,-20.5
3091,3092000,0.5126,-56.0
3093,3094000,-0.8175,0.0
3095,3096000,-0.0345,-30.0
3097,3098000,2.8932,-21.5
3099,3100000,8.3823,-15.0
3101,3102000,6.397,-110.5
3103,3104000,3.415,-104.5
3105,3106000,6.7383,-2.5
3107,3108000,6.5133,-57.0
3109,3110000,-0.6122,0.0
3111,3112000,1.9262,-52.5
3113,3114000,-0.9645,0.0
3115,3116000,-1.1338,0.0
3117,3118000,4.0571,-25.0
3119,3120000,0.2334,-258.0
3121,3122000,1.2965,-39.5
3123,3124000,1.4256,-78.5
3125,3126000,4.4879,-25.0
3127,3128000,0.0962,0.0
3129,3130000,2.5313,0.0
3131,3132000,0.7227,-33.0
3133,3134000,2.1377,-12.5
3135,3136000,3.2896,-68.0
3137,3138000,-0.8147,0.0
3139,3140000,0.695,0.0
3141,3142000,2.7311,-44.5
3143,3144000,2.294,-25.0
3145,3146000,10.9599,-24.5
3147,3148000,3.6429,-116.5
3149,3150000,2.4111,-232.5
3151,3152000,4.2369,-32.5
3153,3154000,-0.0165,-8.5
3155,3156000,7.21,-54.0
3157,3158000,-1.4156,0.0
3159,3160000,0.7162,0.0
3161,3162000,3.7348,-24.0
3163,3164000,2.8488,-39.0
3165,3166000,3.2079,0.0
3167,3168000,3.0193,-26.0
3169,3170000,0.9667,-5.5
3171,3172000,1.091,-18.0
3173,3174000,2.9672,-14.5
3175,3176000,-1.9031,-8.0
3177,3178000,0.7521,-127.0
3179,3180000,-1.6968,0.0
3181,3182000,4.7747,-26.5
3183,3184000,-0.3558,-82.5
3185,3186000,1.0807,-8.0
3187,3188000,0.231,-99.0
3189,3190000,0.6982,-188.5
3191,3192000,2.0958,-18.0
3193,3194000,8.8049,-27.0
3195,3196000,6.7827,-10.0
3197,3198000,1.6131,-35.5
3199,3200000,1.1539,-2.0
3201,3202000,-0.2593,-103.5
3203,3204000,0.2089,0.0
3205,3206000,4.3897,-116.5
3207,3208000,3.0443,-24.0
3209,3210000,2.3263,-224.0
3211,3212000,3.3326,-11.5
3213,3214000,5.2921,0.0
3215,3216000,0.3373,-69.5
3217,3218000,3.2151,-97.0
3219,3220000,1.0183,0.0
3221,3222000,0.3448,-56.5
3223,3224000,3.6054,-55.0
3225,3226000,-0.7297,-10.5
3227,3228000,0.9295,-20.5
3229,3230000,2.6399,-23.0
3231,3232000,0.7722,0.0
3233,3234000,2.6026,-12.5
3235,3236000,0.494,-65.0
3237,3238000,1.4412,-16.5
3239,3240000,4.0188,0.0
3241,3242000,3.7237,-7.0
3243,3244000,2.5401,-23.5
3245,3246000,2.695,-38.5
3247,3248000,-2.0628,-11.0
3249,3250000,2.5671,-10.0
3251,3252000,-2.8419,0.0
3253,3254000,5.6223,-54.0
3255,3256000,-0.8073,-7.5
3257,3258000,2.5283,-20.0
3259,3260000,4.4553,-18.5
3261,3262000,1.817,-77.0
3263,3264000,0.3378,-23.0
3265,3266000,1.7446,-18.0
3267,3268000,3.0227,-47.0
3269,3270000,5.22,-203.5
3271,3272000,-0.6386,0.0
3273,3274000,3.5827,-91.0
3275,3276000,0.9541,-8.5
3277,3278000,-1.1742,-21.5
3279,3280000,-0.707,0.0
3281,3282000,1.8884,-14.0
3283,3284000,-0.7301,-47.0
3285,3286000,-0.1134,-47.0
3287,3288000,2.5309,-26.5
3289,3290000,7.6587,-46.0
3291,3292000,-1.7029,0.0
3293,3294000,4.0683,-105.5
3295,3296000,0.9933,-12.5
3297,3298000,3.7887,-13.0
3299,3300000,5.1495,-24.5
3301,3302000,0.9529,0.0
3303,3304000,5.3795,-373.0
3305,3306000,6.711,-64.0
3307,3308000,1.7171,-5.5
3309,3310000,1.6104,-51.5
3311,3312000,1.3284,-7.5
3313,3314000,4.3206,-32.0
3315,3316000,0.7704,-18.0
3317,3318000,3.9601,-18.5
3319,3320000,4.7103,-2.5
3321,3322000,1.2234,-15.5
3323,3324000,0.4751,-84.0
3325,3326000,0.4415,0.0
3327,3328000,5.1274,-10.0
3329,3330000,2.2449,-9.5
3331,3332000,0.3043,0.0
3333,3334000,4.5164,-24.0
3335,3336000,0.9978,-34.0
3337,3338000,0.9102,-184.5
3339,3340000,-0.6426,-312.0
3341,3342000,2.3204,-61.0
3343,3344000,1.6235,-290.0
3345,3346000,-0.5141,-18.0
3347,3348000,0.65,-27.0
3349,3350000,0.4547,-5.0
3351,3352000,5.6515,-80.0
3353,3354000,6.4042,-30.0
3355,3356000,1.5987,-9.5
3357,3358000,-0.3742,0.0
3359,3360000,1.2914,-9.0
3361,3362000,3.3211,-49.5
3363,3364000,0.5147,0.0
3365,3366000,2.2854,-16.5
3367,3368000,0.345,0.0
3369,3370000,5.0819,-103.5
3371,3372000,0.5551,-68.5
3373,3374000,7.7572,-9.0
3375,3376000,1.5123,-157.0
3377,3378000,0.3677,0.0
3379,3380000,4.0092,-88.5
3381,3382000,2.0853,-481.5
3383,3384000,-0.4702,0.0
3385,3386000,4.546,-20.0
3387,3388000,-1.3726,-94.0
3389,3390000,1.4851,-54.0
3391,3392000,1.2285,-11.5
3393,3394000,3.444,-57.5
3395,3396000,6.9718,-65.0
3397,3398000,1.5664,-11.0
3399,3400000,3.6876,0.0
3401,3402000,3.2502,-20.0
3403,3404000,7.8204,-22.0
3405,3406000,2.2033,-16.5
3407,3408000,2.8486,0.0
3409,3410000,1.7952,-73.5
3411,3412000,0.8018,0.0
3413,3414000,0.2952,-153.0
3415,3416000,1.6942,-86.0
3417,3418000,2.4401,-67.5
3419,3420000,6.3128,-233.5
3421,3422000,2.8806,-59.0
3423,3424000,0.6317,-13.5
3425,3426000,-1.1469,-75.5
3427,3428000,2.932,0.0
3429,3430000,4.5388,-38.0
3431,3432000,-0.5552,-5.0
3433,3434000,1.6314,-84.0
3435,3436000,2.1554,-56.0
3437,3438000,0.7998,-9.0
3439,3440000,-0.0093,0.0
3441,3442000,-0.0743,0.0
3443,3444000,1.7292,-7.0
3445,3446000,9.646,-17.5
3447,3448000,4.332,-26.5
3449,3450000,7.0535,-17.5
3451,3452000,4.45,0.0
3453,3454000,2.3104,-48.5
3455,3456000,0.9035,-103.5
3457,3458000,4.0073,0.0
3459,3460000,4.4427,-9.0
3461,3462000,-0.542,-62.0
3463,3464000,2.5533,-3.0
3465,3466000,6.7323,-5.5
3467,3468000,0.2147,0.0
3469,3470000,-1.6747,-75.0
3471,3472000,4.2205,-4.0
3473,3474000,0.4407,-76.0
3475,3476000,-2.4727,0.0
3477,3478000,1.2031,-57.0
3479,3480000,4.3085,-8.5
3481,3482000,5.8309,-5.0
3483,3484000,3.3493,-38.5
3485,3486000,2.6811,-10.5
3487,3488000,0.0583,-41.0
3489,3490000,4.2835,-4.0
3491,3492000,0.9372,0.0
3493,3494000,2.9033,-33.5
3495,3496000,-1.5081,-9.0
3497,3498000,4.787,-67.0
3499,3500000,1.5697,0.0
3501,3502000,-1.954,-17.5
3503,3504000,1.8146,-8.5
3505,3506000,4.9047,-36.5
3507,3508000,4.1351,-50.5
3509,3510000,2.3791,0.0
3511,3512000,1.8833,-46.5
3513,3514000,2.311,-99.5
3515,3516000,0.4941,-125.5
3517,3518000,5.0511,-23.0
3519,3520000,3.3278,-16.0
3521,3522000,0.6564,-24.0
3523,3524000,9.5971,-183.0
3525,3526000,1.9188,-86.5
3527,3528000,-0.603,-94.0
3529,3530000,6.0052,0.0
3531,3532000,6.5914,-6.5
3533,3534000,4.3906,-137.0
3535,3536000,3.4253,-114.5
3537,3538000,-0.0465,-42.5
3539,3540000,1.7205,-10.5
3541,3542000,0.0712,-53.5
3543,3544000,2.3774,-6.0
3545,3546000,2.5014,-5.0
3547,3548000,0.3646,-9.0
3549,3550000,7.7117,-149.0
3551,3552000,-0.1742,0.0
3553,3554000,0.1671,-24.5
3555,3556000,0.6417,0.0
3557,3558000,5.328,-28.0
3559,3560000,0.2307,0.0
3561,3562000,5.3338,-43.0
3563,3564000,2.3474,-32.0
3565,3566000,1.0905,-41.0
3567,3568000,4.6546,-51.0
3569,3570000,-0.9463,-176.5
3571,3572000,2.444,-117.5
3573,3574000,-0.3427,0.0
3575,3576000,3.0145,-16.0
3577,3578000,2.2508,0.0
3579,3580000,1.2079,-25.5
3581,3582000,7.8469,-84.5
3583,3584000,0.4827,0.0
3585,3586000,0.194,-207.0
3587,3588000,-2.0236,-27.5
3589,3590000,3.989,-123.5
3591,3592000,1.4005,0.0
3593,3594000,3.7878,-2.0
3595,3596000,2.1888,-39.5
3597,3598000,-0.079,-125.5
3599,3600000,2.921,-17.5
3601,3602000,1.1801,-24.0
3603,3604000,6.0369,-14.5
3605,3606000,5.1795,-15.5
3607,3608000,1.4005,-3.0
3609,3610000,1.6514,-44.0
3611,3612000,1.8103,-3.5
3613,3614000,-0.1495,-196.5
3615,3616000,3.7147,0.0
3617,3618000,-0.2613,0.0
3619,3620000,0.8596,-7.0
3621,3622000,1.5059,-19.5
3623,3624000,4.4783,-264.0
3625,3626000,4.6648,-17.0
3627,3628000,-0.9186,-47.5
3629,3630000,-1.6659,0.0
3631,3632000,7.0718,-35.0
3633,3634000,3.0696,-112.5
3635,3636000,-0.1835,-10.5
3637,3638000,-0.2152,-82.5
3639,3640000,4.7154,-39.0
3641,3642000,2.1227,0.0
3643,3644000,5.8019,0.0
3645,3646000,-1.8148,-7.5
3647,3648000,-0.1885,0.0
3649,3650000,-0.188,-34.0
3651,3652000,2.122,0.0
3653,3654000,-2.6046,0.0
3655,3656000,2.3994,-16.5
3657,3658000,0.3447,0.0
3659,3660000,3.6075,-146.0
3661,3662000,-1.1468,-1.0
3663,3664000,3.614,-12.5
3665,3666000,1.8593,-11.0
3667,3668000,7.0534,-12.5
3669,3670000,-0.5372,-62.0
3671,3672000,0.4616,-6.0
3673,3674000,-0.8506,0.0
3675,3676000,1.4554,-41.5
3677,3678000,0.6399,-10.5
3679,3680000,-0.7379,0.0
3681,3682000,0.3191,0.0
3683,3684000,0.5708,0.0
3685,3686000,2.3452,-36.0
3687,3688000,2.0594,0.0
3689,3690000,1.8236,0.0
3691,3692000,2.7168,0.0
3693,3694000,6.3925,0.0
3695,3696000,-2.6234,0.0
3697,3698000,5.2987,-48.0
3699,3700000,2.2954,-11.0
3701,3702000,-0.8896,0.0
3703,3704000,4.0216,-208.0
3705,3706000,0.2492,-103.0
3707,3708000,5.9106,-44.5
3709,3710000,1.3238,-102.0
3711,3712000,1.6177,-136.5
3713,3714000,2.4377,-80.0
3715,3716000,2.318,0.0
3717,3718000,2.4988,-45.0
3719,3720000,1.4336,-11.0
3721,3722000,2.1103,-6.5
3723,3724000,1.0838,0.0
3725,3726000,0.9082,0.0
3727,3728000,2.4904,-23.0
3729,3730000,1.3556,-25.5
3731,3732000,-0.014,0.0
3733,3734000,2.2328,-10.5
3735,3736000,3.2725,-26.5
3737,3738000,2.1178,-9.0
3739,3740000,-0.0225,-24.5
3741,3742000,0.2535,-8.0
3743,3744000,3.3079,-32.0
3745,3746000,4.9531,-130.0
3747,3748000,1.4132,-6.5
3749,3750000,3.7279,-8.0
3751,3752000,3.0496,-33.5
3753,3754000,1.3713,0.0
3755,3756000,-0.7915,-11.0
3757,3758000,-1.0122,-48.0
3759,3760000,-2.0631,0.0
3761,3762000,1.593,-5.5
3763,3764000,0.8232,0.0
3765,3766000,2.3747,-38.5
3767,3768000,0.3985,-49.0
3769,3770000,4.7773,-11.0
3771,3772000,0.503,-22.0
3773,3774000,4.6998,-19.5
3775,3776000,2.5264,-15.0
3777,3778000,4.4064,-82.5
3779,3780000,-0.2189,-105.5
3781,3782000,4.0052,-10.5
3783,3784000,1.7477,-70.0
3785,3786000,0.7284,0.0
3787,3788000,0.4814,-21.5
3789,3790000,-1.6592,-206.0
3791,3792000,2.0159,-19.0
3793,3794000,-0.3419,-33.5
3795,3796000,5.0023,-23.0
3797,3798000,1.228,-28.5
3799,3800000,0.9568,-20.5
3801,3802000,3.5724,-38.5
3803,3804000,1.2095,-173.0
3805,3806000,0.9232,-103.0
3807,3808000,2.5875,-8.5
3809,3810000,1.0578,-29.0
3811,3812000,-0.2703,0.0
3813,3814000,2.3041,-1.5
3815,3816000,1.6908,-18.0
3817,3818000,4.1973,0.0
3819,3820000,3.0486,-25.5
3821,3822000,-0.2683,0.0
3823,3824000,0.0905,-11.0
3825,3826000,5.4411,-18.5
3827,3828000,4.0808,-12.5
3829,3830000,1.4082,0.0
3831,3832000,1.0618,-7.5
3833,3834000,0.6196,-10.0
3835,3836000,3.5762,-239.5
3837,3838000,-0.1439,-28.5
3839,3840000,-0.3402,0.0
3841,3842000,0.8385,0.0
3843,3844000,0.9074,-522.5
3845,3846000,2.6672,-99.5
3847,3848000,1.0435,0.0
3849,3850000,2.0853,0.0
3851,3852000,-0.881,0.0
3853,3854000,0.3146,-55.5
3855,3856000,2.6481,-3.5
3857,3858000,-1.41,-35.0
3859,3860000,1.0475,-49.0
3861,3862000,1.1824,0.0
3863,3864000,0.9353,-217.0
3865,3866000,2.4323,-65.0
3867,3868000,-0.2817,-51.5
3869,3870000,0.8935,0.0
3871,3872000,0.8472,-44.5
3873,3874000,3.879,-35.5
3875,3876000,0.3471,-203.5
3877,3878000,2.845,-34.5
3879,3880000,-1.6359,-17.0
3881,3882000,0.1931,-16.5
3883,3884000,4.6276,-67.5
3885,3886000,0.7864,-30.5
3887,3888000,2.6253,-8.0
3889,3890000,3.3029,-21.5
3891,3892000,4.3858,-72.5
3893,3894000,-0.2856,0.0
3895,3896000,3.4312,-11.0
3897,3898000,-0.0158,-131.0
3899,3900000,0.8705,-45.0
3901,3902000,2.171,-76.5
3903,3904000,2.1935,-105.0
3905,3906000,4.7152,-34.0
3907,3908000,1.6833,0.0
3909,3910000,6.8783,-17.5
3911,3912000,-1.0554,0.0
3913,3914000,4.2542,-187.5
3915,3916000,2.989,-14.5
3917,3918000,-0.2983,0.0
3919,3920000,2.7921,-39.0
3921,3922000,3.0573,-8.5
3923,3924000,1.5632,0.0
3925,3926000,1.3448,-18.5
3927,3928000,2.9921,-44.5
3929,3930000,3.0066,-137.0
3931,3932000,2.9874,-140.0
3933,3934000,2.2768,-19.0
3935,3936000,4.7898,-12.0
3937,3938000,0.1613,-56.5
3939,3940000,0.3659,-9.5
3941,3942000,1.9506,-17.5
3943,3944000,2.4944,0.0
3945,3946000,1.2662,-10.0
3947,3948000,2.9147,-4.5
3949,3950000,0.6332,0.0
3951,3952000,-0.7164,0.0
3953,3954000,3.2242,-42.5
3955,3956000,0.279,0.0
3957,3958000,2.2129,-14.5
3959,3960000,3.9098,0.0
3961,3962000,-2.1103,-158.5
3963,3964000,2.9423,-10.0
3965,3966000,1.9653,-56.5
3967,3968000,3.4703,-10.0
3969,3970000,0.2493,0.0
3971,3972000,-0.298,-138.5
3973,3974000,-0.1808,0.0
3975,3976000,-1.127,-111.0
3977,3978000,1.428,-8.5
3979,3980000,4.402,-179.0
3981,3982000,-1.8609,0.0
3983,3984000,-0.5709,-12.5
3985,3986000,1.6607,-104.0
3987,3988000,-0.5315,-64.5
3989,3990000,0.2622,0.0
3991,3992000,5.2879,-47.0
3993,3994000,8.1059,-37.0
3995,3996000,2.8209,-65.5
3997,3998000,2.4452,0.0
3999,4000000,1.4699,-44.0
4001,4002000,-0.2725,-120.5
4003,4004000,2.6655,-66.0
4005,4006000,-1.4622,-29.0
4007,4008000,0.9593,-15.0
4009,4010000,5.0239,-72.5
4011,4012000,3.9341,-9.5
4013,4014000,8.3067,-39.5
4015,4016000,0.1513,-9.5
4017,4018000,2.5159,-38.5
4019,4020000,0.9274,-70.0
4021,4022000,-1.7269,0.0
4023,4024000,4.8607,-7.5
4025,4026000,-0.347,-9.0
4027,4028000,2.8033,-1.5
4029,4030000,0.7231,-42.5
4031,4032000,1.7367,0.0
4033,4034000,0.8937,0.0
4035,4036000,1.5084,-125.5
4037,4038000,-0.9224,0.0
4039,4040000,4.352,-56.0
4041,4042000,0.0678,-121.0
4043,4044000,-1.0286,-197.0
4045,4046000,2.8818,-27.5
4047,4048000,2.4315,-34.5
4049,4050000,2.8989,-7.5
4051,4052000,2.5849,-50.0
4053,4054000,-0.1929,-147.5
4055,4056000,1.1018,-8.5
4057,4058000,3.9106,-33.5
4059,4060000,2.744,-16.5
4061,4062000,0.5378,-20.5
4063,4064000,6.9817,-100.5
4065,4066000,2.8987,-316.5
4067,4068000,6.7882,-63.5
4069,4070000,-0.1262,-8.0
4071,4072000,-0.3898,-201.5
4073,4074000,3.7214,0.0
4075,4076000,2.9746,-7.5
4077,4078000,2.7363,-9.0
4079,4080000,2.3703,-59.5
4081,4082000,9.3222,-23.0
4083,4084000,1.2667,0.0
4085,4086000,4.403,-124.0
4087,4088000,0.1104,-8.0
4089,4090000,2.1821,-15.5
4091,4092000,2.81,-19.5
4093,4094000,5.7416,-42.5
4095,4096000,0.8752,-211.0
4097,4098000,3.3514,-35.0
4099,4100000,1.822,-212.5
4101,4102000,-2.2973,-13.0
4103,4104000,3.515,0.0
4105,4106000,3.759,-6.0
4107,4108000,2.8655,-12.5
4109,4110000,-0.5986,-13.5
4111,4112000,3.5492,-46.0
4113,4114000,-1.0236,-6.0
4115,4116000,1.3391,-122.5
4117,4118000,0.8636,-154.5
4119,4120000,5.303,0.0
4121,4122000,3.0284,-4.5
4123,4124000,2.0832,-45.0
4125,4126000,0.0079,-143.5
4127,4128000,3.7758,-9.5
4129,4130000,6.7029,-35.5
4131,4132000,-0.1317,-148.0
4133,4134000,8.5139,-16.5
4135,4136000,0.1707,0.0
4137,4138000,-0.8807,-61.5
4139,4140000,-0.1555,0.0
4141,4142000,1.6743,0.0
4143,4144000,6.0476,-85.0
4145,4146000,6.0067,-97.0
4147,4148000,0.33,0.0
4149,4150000,5.9316,-23.0
4151,4152000,-1.2996,0.0
4153,4154000,-0.6938,0.0
4155,4156000,4.9961,-55.5
4157,4158000,2.654,-52.5
4159,4160000,3.0294,-154.0
4161,4162000,2.0024,-80.5
4163,4164000,-0.2528,0.0
4165,4166000,1.2591,-32.0
4167,4168000,1.7001,-20.5
4169,4170000,2.863,-304.0
4171,4172000,1.5026,-179.5
4173,4174000,4.0147,-27.5
4175,4176000,-1.528,-20.0
4177,4178000,0.0108,-43.5
4179,4180000,0.0246,-43.5
4181,4182000,2.7956,-29.0
4183,4184000,2.405,-21.5
4185,4186000,1.5146,-16.0
4187,4188000,2.1794,-20.5
4189,4190000,-0.2039,0.0
4191,4192000,5.1727,-33.5
4193,4194000,5.2312,0.0
4195,4196000,-2.2638,-16.0
4197,4198000,-0.1775,0.0
4199,4200000,-0.2178,0.0
4201,4202000,-1.8338,0.0
4203,4204000,1.1832,0.0
4205,4206000,1.2023,0.0
4207,4208000,1.1146,0.0
4209,4210000,1.7449,-161.5
4211,4212000,0.4351,-48.0
4213,4214000,1.6104,-20.0
4215,4216000,-0.4563,-84.0
4217,4218000,1.8649,-25.5
4219,4220000,3.0945,-13.0
4221,4222000,1.8632,-9.0
4223,4224000,-1.4017,0.0
4225,4226000,1.8083,0.0
4227,4228000,-0.0196,-16.0
4229,4230000,1.8179,-8.5
4231,4232000,-0.2803,-11.5
4233,4234000,-0.2956,0.0
4235,4236000,4.2217,-128.0
4237,4238000,-1.3644,0.0
4239,4240000,3.3594,-8.5
4241,4242000,2.7544,-136.5
4243,4244000,2.8932,-198.5
4245,4246000,-0.1807,-16.5
4247,4248000,1.9984,-11.0
4249,4250000,-1.098,-236.5
4251,4252000,6.3889,-33.5
4253,4254000,0.1378,-17.0
4255,4256000,2.0208,-198.5
4257,4258000,0.1463,0.0
4259,4260000,4.0142,-78.5
4261,4262000,0.146,-4.5
4263,4264000,1.8957,-81.5
4265,4266000,3.7458,-53.5
4267,4268000,2.8388,-19.5
4269,4270000,3.0798,-8.5
4271,4272000,0.1825,-33.0
4273,4274000,0.3084,-37.0
4275,4276000,2.285,-32.5
4277,4278000,2.9916,-38.5
4279,4280000,2.4548,-24.0
4281,4282000,5.9774,-41.0
4283,4284000,0.1428,-28.0
4285,4286000,1.1619,-38.5
4287,4288000,2.7515,0.0
4289,4290000,3.82,0.0
4291,4292000,-0.6933,-351.5
4293,4294000,4.39,-31.5
4295,4296000,2.3544,-50.5
4297,4298000,0.8172,-252.5
4299,4300000,2.4131,-40.0
4301,4302000,0.5666,-221.5
4303,4304000,-0.545,0.0
4305,4306000,1.0861,-78.0
4307,4308000,-0.4351,-10.0
4309,4310000,7.2581,-82.5
4311,4312000,3.7684,-82.0
4313,4314000,6.1652,-46.5
4315,4316000,2.8312,-16.0
4317,4318000,2.6534,0.0
4319,4320000,0.0307,-9.0
4321,4322000,1.9276,-349.0
4323,4324000,4.7644,-133.5
4325,4326000,4.6,-71.5
4327,4328000,0.9905,-150.5
4329,4330000,1.5631,-176.5
4331,4332000,-0.6944,-41.5
4333,4334000,2.3036,-153.0
4335,4336000,0.0637,-14.5
4337,4338000,3.2044,-63.5
4339,4340000,2.7054,-79.5
4341,4342000,8.3947,-24.0
4343,4344000,-0.5946,0.0
4345,4346000,2.078,0.0
4347,4348000,2.1927,-25.0
4349,4350000,6.4175,-71.0
4351,4352000,-2.2858,0.0
4353,4354000,0.8129,-11.0
4355,4356000,4.0932,0.0
4357,4358000,2.2408,-24.5
4359,4360000,1.1337,-248.5
4361,4362000,-0.9052,-131.0
4363,4364000,-0.5068,0.0
4365,4366000,3.5762,-23.5
4367,4368000,-0.2375,-81.0
4369,4370000,0.177,0.0
4371,4372000,-0.2744,0.0
4373,4374000,0.8006,0.0
4375,4376000,0.4719,-18.5
4377,4378000,2.0018,-90.0
4379,4380000,1.7208,-34.0
4381,4382000,2.0659,-6.5
4383,4384000,8.2164,-27.0
4385,4386000,2.6106,-4.5
4387,4388000,3.106,0.0
4389,4390000,1.9736,-58.0
4391,4392000,-1.151,-77.5
4393,4394000,1.8627,-91.0
4395,4396000,2.2624,0.0
4397,4398000,1.2255,-34.5
4399,4400000,3.4736,-85.5
4401,4402000,-2.7595,0.0
4403,4404000,3.8716,-11.5
4405,4406000,5.7904,-44.5
4407,4408000,-1.5642,-102.0
4409,4410000,0.6531,0.0
4411,4412000,2.9324,-7.0
4413,4414000,-2.2068,-13.5
4415,4416000,-0.8043,-123.0
4417,4418000,1.6595,-40.0
4419,4420000,2.6239,-158.0
4421,4422000,-0.4063,-135.5
4423,4424000,1.159,-72.5
4425,4426000,1.822,-14.0
4427,4428000,-1.5267,-2.5
4429,4430000,3.628,-76.0
4431,4432000,1.182,-17.5
4433,4434000,2.3048,-11.5
4435,4436000,-0.9626,-14.5
4437,4438000,4.1311,-91.5
4439,4440000,3.5112,-50.0
4441,4442000,4.893,-8.5
4443,4444000,1.9283,0.0
4445,4446000,0.2337,-11.0
4447,4448000,-0.4928,-8.0
4449,4450000,1.4809,0.0
4451,4452000,0.3887,0.0
4453,4454000,3.173,-169.0
4455,4456000,2.8849,-24.0
4457,4458000,-0.8731,0.0
4459,4460000,1.7895,-9.5
4461,4462000,3.9101,0.0
4463,4464000,0.0836,0.0
4465,4466000,-1.308,0.0
4467,4468000,1.6085,0.0
4469,4470000,-0.5138,0.0
4471,4472000,3.6015,0.0
4473,4474000,0.16,0.0
4475,4476000,0.1692,-93.0
4477,4478000,2.0658,-41.0
4479,4480000,2.9307,-70.5
4481,4482000,0.511,-99.5
4483,4484000,2.7814,-182.5
4485,4486000,5.1214,0.0
4487,4488000,0.5915,0.0
4489,4490000,1.9426,-107.0
4491,4492000,2.7231,-16.5
4493,4494000,0.2878,-89.5
4495,4496000,2.3803,-174.5
4497,4498000,0.1932,0.0
4499,4500000,1.8005,-49.0
4501,4502000,0.6586,0.0
4503,4504000,1.6119,0.0
4505,4506000,2.1153,-11.0
4507,4508000,0.111,-9.5
4509,4510000,10.4244,-111.0
4511,4512000,4.9753,-66.0
4513,4514000,-1.0064,-34.5
4515,4516000,-0.0491,-8.5
4517,4518000,0.7138,-11.0
4519,4520000,-1.4912,-8.5
4521,4522000,-0.0002,-13.0
4523,4524000,-0.2173,-6.5
4525,4526000,1.4575,-4.0
4527,4528000,3.3873,-70.5
4529,4530000,2.0465,0.0
4531,4532000,2.8168,-171.0
4533,4534000,3.0382,-8.5
4535,4536000,3.0728,-16.0
4537,4538000,-0.3226,0.0
4539,4540000,1.2298,-57.0
4541,4542000,-0.122,-19.5
4543,4544000,2.1591,-141.0
4545,4546000,1.6893,-39.0
4547,4548000,2.6324,-57.0
4549,4550000,1.4463,-30.0
4551,4552000,-0.2248,0.0
4553,4554000,0.5274,-12.5
4555,4556000,4.4121,-119.5
4557,4558000,3.6947,-6.0
4559,4560000,0.8021,0.0
4561,4562000,-0.561,-41.0
4563,4564000,-1.358,0.0
4565,4566000,1.1874,-34.5
4567,4568000,0.5905,-6.0
4569,4570000,4.0802,-17.5
4571,4572000,5.125,-42.5
4573,4574000,5.8592,-63.5
4575,4576000,0.5718,0.0
4577,4578000,3.7888,-15.5
4579,4580000,5.7451,-67.0
4581,4582000,2.6522,-192.0
4583,4584000,-0.2454,-19.0
4585,4586000,5.307,-21.5
4587,4588000,4.0678,0.0
4589,4590000,-1.8155,0.0
4591,4592000,3.4047,-14.5
4593,4594000,0.2999,-103.5
4595,4596000,1.4289,-194.0
4597,4598000,-0.8796,0.0
4599,4600000,0.5537,0.0
4601,4602000,1.7871,-30.5
4603,4604000,4.9855,-13.5
4605,4606000,-1.7391,0.0
4607,4608000,1.0372,-47.5
4609,4610000,0.8359,0.0
4611,4612000,1.2047,-52.5
4613,4614000,2.8689,-190.0
4615,4616000,1.9784,-103.0
4617,4618000,2.9219,-57.0
4619,4620000,3.4492,-45.0
4621,4622000,-0.1798,-9.5
4623,4624000,3.8655,-37.0
4625,4626000,-0.6129,0.0
4627,4628000,2.8301,0.0
4629,4630000,6.2436,-167.0
4631,4632000,3.2252,-136.5
4633,4634000,0.8438,0.0
4635,4636000,-0.2863,-251.5
4637,4638000,2.5037,-13.5
4639,4640000,2.9397,-60.5
4641,4642000,2.408,-66.5
4643,4644000,3.2031,-10.5
4645,4646000,1.0991,-9.5
4647,4648000,1.2685,-94.5
4649,4650000,1.6406,0.0
4651,4652000,0.475,-55.0
4653,4654000,3.607,-48.5
4655,4656000,2.4453,-40.0
4657,4658000,-0.157,-3.5
4659,4660000,4.0751,-10.5
4661,4662000,2.0077,-39.5
4663,4664000,-0.1664,-28.0
4665,4666000,1.0711,-33.5
4667,4668000,2.6815,-21.0
4669,4670000,1.5846,-24.5
4671,4672000,3.0689,-99.0
4673,4674000,-0.0312,0.0
4675,4676000,2.3953,-55.5
4677,4678000,5.7906,-56.5
4679,4680000,1.0424,-190.5
4681,4682000,-0.519,0.0
4683,4684000,0.7875,-160.0
4685,4686000,4.1373,-98.0
4687,4688000,0.5285,0.0
4689,4690000,0.2507,-9.5
4691,4692000,6.133,-65.5
4693,4694000,1.1343,-22.5
4695,4696000,-0.4507,-10.5
4697,4698000,3.1211,0.0
4699,4700000,-2.4565,-59.5
4701,4702000,-0.2036,-11.0
4703,4704000,3.9661,-33.0
4705,4706000,0.7873,0.0
4707,4708000,0.1655,0.0
4709,4710000,-3.2712,0.0
4711,4712000,0.5853,0.0
4713,4714000,1.7523,0.0
4715,4716000,4.2164,-17.0
4717,4718000,2.8636,-22.0
4719,4720000,2.875,-52.5
4721,4722000,-0.9145,0.0
4723,4724000,1.3503,0.0
4725,4726000,-0.4325,-9.5
4727,4728000,1.1749,-45.5
4729,4730000,1.0922,-49.0
4731,4732000,3.1518,0.0
4733,4734000,7.1627,0.0
4735,4736000,3.093,-130.0
4737,4738000,1.3342,-8.5
4739,4740000,2.375,-35.5
4741,4742000,0.9455,-36.0
4743,4744000,1.3242,-7.0
4745,4746000,3.1545,-7.5
4747,4748000,0.784,-9.0
4749,4750000,1.6984,-47.5
4751,4752000,1.264,-14.5
4753,4754000,-1.0442,0.0
4755,4756000,4.3606,-13.5
4757,4758000,3.9523,-123.0
4759,4760000,4.5429,-136.5
4761,4762000,4.8778,-30.0
4763,4764000,3.382,-25.5
4765,4766000,3.3521,0.0
4767,4768000,-0.5253,0.0
4769,4770000,3.9602,-108.5
4771,4772000,5.4508,-32.0
4773,4774000,3.1999,0.0
4775,4776000,-0.5002,0.0
4777,4778000,1.4449,-107.5
4779,4780000,2.4837,-257.0
4781,4782000,5.9272,0.0
4783,4784000,3.0433,0.0
4785,4786000,2.9946,-35.5
4787,4788000,0.709,0.0
4789,4790000,4.3424,-5.5
4791,4792000,4.6914,-30.0
4793,4794000,1.8467,0.0
4795,4796000,2.9587,-221.5
4797,4798000,3.1004,-64.0
4799,4800000,-0.8591,-20.5
4801,4802000,0.4587,-27.0
4803,4804000,4.6558,-109.0
4805,4806000,0.0628,0.0
4807,4808000,2.8831,-4.5
4809,4810000,4.6461,-71.0
4811,4812000,5.5109,-112.0
4813,4814000,-0.8712,0.0
4815,4816000,-0.1165,-96.5
4817,4818000,0.9951,-36.5
4819,4820000,0.689,0.0
4821,4822000,3.6403,-54.5
4823,4824000,4.8755,-7.5
4825,4826000,2.2439,0.0
4827,4828000,3.3352,-8.5
4829,4830000,4.4262,-56.0
4831,4832000,0.2127,-34.0
4833,4834000,0.5527,-78.5
4835,4836000,0.9388,0.0
4837,4838000,0.0302,-7.5
4839,4840000,-0.0724,-16.5
4841,4842000,3.656,-13.0
4843,4844000,3.1045,-293.5
4845,4846000,0.5173,-25.5
4847,4848000,4.2148,-62.0
4849,4850000,0.4439,-199.0
4851,4852000,-0.7796,0.0
4853,4854000,3.0323,-230.5
4855,4856000,0.5571,-59.0
4857,4858000,2.9511,-27.5
4859,4860000,1.196,-123.5
4861,4862000,8.4288,-55.0
4863,4864000,5.9836,-59.0
4865,4866000,2.4963,0.0
4867,4868000,1.1925,-115.5
4869,4870000,5.4414,-62.5
4871,4872000,2.2355,-57.5
4873,4874000,2.4763,-47.0
4875,4876000,0.1817,-97.0
4877,4878000,2.8346,0.0
4879,4880000,3.1419,-30.0
4881,4882000,-1.2626,0.0
4883,4884000,0.0805,-294.5
4885,4886000,-0.2349,0.0
4887,4888000,4.7676,-35.0
4889,4890000,1.0616,-15.0
4891,4892000,5.1059,-14.5
4893,4894000,2.6865,0.0
4895,4896000,0.349,-105.5
4897,4898000,4.0676,-7.0
4899,4900000,3.7157,-98.5
4901,4902000,-1.279,0.0
4903,4904000,0.5302,-11.0
4905,4906000,0.9689,0.0
4907,4908000,5.806,-35.5
4909,4910000,0.7124,-92.0
4911,4912000,1.6204,-13.5
4913,4914000,0.7002,-22.0
4915,4916000,0.025,-88.0
4917,4918000,1.3987,-8.0
4919,4920000,-0.1473,0.0
4921,4922000,3.6068,-38.0
4923,4924000,0.4398,0.0
4925,4926000,6.4644,-37.5
4927,4928000,0.8882,-31.0
4929,4930000,-0.8344,0.0
4931,4932000,1.023,-27.0
4933,4934000,0.5265,-151.0
4935,4936000,6.8376,-182.5
4937,4938000,0.3925,0.0
4939,4940000,3.0204,-115.5
4941,4942000,-2.0638,0.0
4943,4944000,2.9324,-68.5
4945,4946000,1.5872,-6.5
4947,4948000,-2.6183,-55.5
4949,4950000,3.395,0.0
4951,4952000,6.9802,-27.0
4953,4954000,2.2903,-29.5
4955,4956000,4.305,0.0
4957,4958000,2.6356,-7.0
4959,4960000,2.3675,-50.5
4961,4962000,4.1797,-61.0
4963,4964000,5.9117,-31.5
4965,4966000,0.6332,-9.5
4967,4968000,0.7089,-16.5
4969,4970000,2.5674,-110.0
4971,4972000,1.3282,-10.5
4973,4974000,6.7273,-13.0
4975,4976000,0.3025,-7.0
4977,4978000,0.9905,-19.5
4979,4980000,1.2732,-241.5
4981,4982000,2.0535,-405.0
4983,4984000,2.8695,-60.0
4985,4986000,2.4213,0.0
4987,4988000,1.196,-7.5
4989,4990000,3.4977,-70.0
4991,4992000,7.0955,-34.0
4993,4994000,5.2799,-307.5
4995,4996000,3.7351,-25.5
4997,4998000,1.7808,0.0
4999,5000000,1.6227,-109.0
5001,5002000,0.6058,0.0
5003,5004000,2.3897,-23.5
5005,5006000,0.478,-23.0
5007,5008000,0.3151,0.0
5009,5010000,-3.6469,-33.5
5011,5012000,9.4618,-83.0
5013,5014000,1.0531,-30.0
5015,5016000,2.5342,0.0
5017,5018000,3.128,-96.5
5019,5020000,1.7417,-1.0
5021,5022000,3.9193,-33.5
5023,5024000,0.5847,0.0
5025,5026000,2.9816,-9.0
5027,5028000,3.7023,-5.5
5029,5030000,0.2546,-341.5
5031,5032000,1.8029,-9.0
5033,5034000,3.5877,0.0
5035,5036000,2.3087,-318.0
5037,5038000,3.5159,-257.0
5039,5040000,2.9182,-20.0
5041,5042000,2.0709,0.0
5043,5044000,1.9891,0.0
5045,5046000,2.7128,0.0
5047,5048000,1.8162,-57.5
5049,5050000,0.9565,-7.5
5051,5052000,0.383,0.0
5053,5054000,1.0161,0.0
5055,5056000,2.1605,-169.5
5057,5058000,0.4625,-39.5
5059,5060000,-0.0807,0.0
5061,5062000,-0.4744,0.0
5063,5064000,0.3664,0.0
5065,5066000,1.0367,-65.0
5067,5068000,4.8643,-31.5
5069,5070000,8.4448,-32.0
5071,5072000,1.0748,-30.0
5073,5074000,3.8017,-8.0
5075,5076000,1.9208,-156.5
5077,5078000,0.937,-9.0
5079,5080000,1.318,-23.0
5081,5082000,4.5272,-226.0
5083,5084000,0.4679,0.0
5085,5086000,4.6403,-27.0
5087,5088000,1.9431,-321.5
5089,5090000,1.0684,-11.0
5091,5092000,-0.0086,-31.0
5093,5094000,1.1354,-144.5
5095,5096000,1.8563,-74.0
5097,5098000,4.2819,-2.5
5099,5100000,1.7282,-29.5
5101,5102000,1.8698,-71.5
5103,5104000,0.6814,-296.0
5105,5106000,2.3471,-9.5
5107,5108000,0.3279,-28.0
5109,5110000,-1.1222,-12.0
5111,5112000,-3.2954,-12.0
5113,5114000,4.0754,0.0
5115,5116000,1.9494,-46.5
5117,5118000,10.4377,-4.0
5119,5120000,1.2644,-14.5
5121,5122000,1.4554,0.0
5123,5124000,0.4061,0.0
5125,5126000,0.3732,0.0
5127,5128000,3.3518,-5.0
5129,5130000,2.8733,0.0
5131,5132000,5.4541,-18.0
5133,5134000,7.4785,-27.0
5135,5136000,1.2862,-186.5
5137,5138000,1.0519,-28.0
5139,5140000,4.4849,-44.5
5141,5142000,0.482,0.0
5143,5144000,0.9694,-82.0
5145,5146000,2.0029,-50.5
5147,5148000,3.3063,-1.5
5149,5150000,2.3838,-73.0
5151,5152000,4.1592,-153.5
5153,5154000,-0.6237,0.0
5155,5156000,5.2921,-86.5
5157,5158000,0.4489,-56.5
5159,5160000,1.082,-8.0
5161,5162000,5.1315,-7.0
5163,5164000,0.4118,-52.0
5165,5166000,0.712,-17.0
5167,5168000,1.2449,-12.0
5169,5170000,0.0443,-12.5
5171,5172000,0.8603,0.0
5173,5174000,0.5327,0.0
5175,5176000,3.3319,-235.0
5177,5178000,0.6228,-46.5
5179,5180000,-0.2602,-13.0
5181,5182000,0.3082,-62.5
5183,5184000,7.5754,-150.0
5185,5186000,6.2969,-5.5
5187,5188000,5.4863,-50.5
5189,5190000,-0.1547,0.0
5191,5192000,0.4004,0.0
5193,5194000,1.744,-104.5
5195,5196000,8.5445,-78.5
5197,5198000,-0.2992,-152.0
5199,5200000,1.5764,-28.5
5201,5202000,2.3184,-26.5
5203,5204000,10.3844,-28.5
5205,5206000,3.0773,-6.0
5207,5208000,2.2822,-276.5
5209,5210000,4.9332,-330.5
5211,5212000,3.1554,0.0
5213,5214000,1.0711,-13.0
5215,5216000,6.5094,-52.5
5217,5218000,1.147,-22.0
5219,5220000,0.4569,-42.5
5221,5222000,-0.7543,0.0
5223,5224000,-0.888,-170.0
5225,5226000,3.1319,-71.5
5227,5228000,0.4573,0.0
5229,5230000,1.8145,0.0
5231,5232000,4.6049,-38.5
5233,5234000,7.038,-32.0
5235,5236000,2.6583,-65.5
5237,5238000,-1.1977,-21.0
5239,5240000,2.2736,-42.5
5241,5242000,9.1548,-38.5
5243,5244000,3.385,0.0
5245,5246000,-0.5772,-28.5
5247,5248000,1.3363,-33.0
5249,5250000,-1.8384,0.0
5251,5252000,3.0328,-65.0
5253,5254000,1.541,-17.5
5255,5256000,2.6635,-23.0
5257,5258000,-0.0562,-5.0
5259,5260000,4.4658,0.0
5261,5262000,1.4611,-42.0
5263,5264000,0.2044,-56.5
5265,5266000,5.8812,-100.0
5267,5268000,2.4986,-21.0
5269,5270000,6.318,-22.0
5271,5272000,3.2707,-49.0
5273,5274000,0.6624,-211.0
5275,5276000,-0.4302,0.0
5277,5278000,0.2278,-43.0
5279,5280000,2.4124,-63.5
5281,5282000,4.747,-38.5
5283,5284000,0.586,-8.0
5285,5286000,3.2507,-244.5
5287,5288000,3.1797,-11.0
5289,5290000,1.2218,-97.0
5291,5292000,2.8399,0.0
5293,5294000,1.9154,-10.5
5295,5296000,-0.1816,0.0
5297,5298000,-2.196,-86.5
5299,5300000,1.8002,0.0
5301,5302000,4.362,-15.5
5303,5304000,2.3791,0.0
5305,5306000,0.4927,0.0
5307,5308000,-2.3382,0.0
5309,5310000,3.5178,-30.5
5311,5312000,-0.8468,0.0
5313,5314000,0.8358,0.0
5315,5316000,1.6936,-1.5
5317,5318000,3.0292,0.0
5319,5320000,-1.7966,0.0
5321,5322000,5.5561,-62.5
5323,5324000,-1.4437,-75.5
5325,5326000,6.6898,-9.0
5327,5328000,3.141,0.0
5329,5330000,-0.3208,-82.5
5331,5332000,1.0447,-39.5
5333,5334000,4.0669,-8.5
5335,5336000,0.5652,-7.5
5337,5338000,-0.0902,0.0
5339,5340000,1.0261,-10.0
5341,5342000,2.7162,0.0
5343,5344000,4.0659,-9.0
5345,5346000,2.1245,0.0
5347,5348000,4.5329,-42.0
5349,5350000,1.3324,0.0
5351,5352000,1.8829,0.0
5353,5354000,-0.8952,-11.5
5355,5356000,0.3473,-10.5
5357,5358000,-0.681,-333.0
5359,5360000,2.9354,-88.5
5361,5362000,-1.6214,-6.5
5363,5364000,1.4367,-88.0
5365,5366000,0.3675,0.0
5367,5368000,3.108,-18.5
5369,5370000,4.7309,-94.5
5371,5372000,-0.5359,-242.0
5373,5374000,0.9909,-98.0
5375,5376000,2.8736,0.0
5377,5378000,3.815,-10.5
5379,5380000,-1.1996,-10.5
5381,5382000,2.2433,-51.5
5383,5384000,-2.5104,0.0
5385,5386000,1.4041,-81.5
5387,5388000,1.9091,-21.5
5389,5390000,1.3854,-7.0
5391,5392000,-0.2346,-24.0
5393,5394000,-0.3449,-6.0
5395,5396000,3.9323,-11.0
5397,5398000,0.3377,-155.0
5399,5400000,3.9294,-138.5
5401,5402000,1.1875,-253.0
5403,5404000,1.5483,-9.5
5405,5406000,-0.5352,0.0
5407,5408000,2.6769,-24.5
5409,5410000,3.5122,-29.5
5411,5412000,0.8008,-128.0
5413,5414000,-0.2683,-14.5
5415,5416000,0.3737,0.0
5417,5418000,4.1734,-38.0
5419,5420000,7.8376,-44.5
5421,5422000,1.9727,-9.5
5423,5424000,3.7017,-53.0
5425,5426000,0.5852,-13.5
5427,5428000,3.1857,-142.5
5429,5430000,-0.3893,0.0
5431,5432000,-2.6306,0.0
5433,5434000,5.6577,-53.0
5435,5436000,5.5071,-25.0
5437,5438000,1.8776,0.0
5439,5440000,3.9006,-29.5
5441,5442000,1.2653,-128.0
5443,5444000,2.4629,-232.0
5445,5446000,1.1756,-15.5
5447,5448000,2.1283,-9.5
5449,5450000,4.5091,-20.5
5451,5452000,-0.2119,0.0
5453,5454000,-1.8672,0.0
5455,5456000,2.2605,-105.5
5457,5458000,4.2874,-14.5
5459,5460000,2.97,-313.0
5461,5462000,8.2914,-39.0
5463,5464000,7.0887,0.0
5465,5466000,0.9964,0.0
5467,5468000,4.7273,-26.5
5469,5470000,-1.546,-6.0
5471,5472000,0.7131,-30.0
5473,5474000,2.3685,-46.0
5475,5476000,-3.2269,-53.0
5477,5478000,5.3768,-23.5
5479,5480000,0.0048,0.0
5481,5482000,-0.7854,-30.5
5483,5484000,-0.6634,0.0
5485,5486000,5.3253,0.0
5487,5488000,0.3469,-9.5
5489,5490000,-1.9853,0.0
5491,5492000,2.3909,0.0
5493,5494000,-0.4425,0.0
5495,5496000,0.0519,0.0
5497,5498000,5.1858,-30.0
5499,5500000,-1.4596,0.0
5501,5502000,10.699,-46.0
5503,5504000,1.1766,-80.0
5505,5506000,3.291,-50.0
5507,5508000,-0.0851,-55.5
5509,5510000,1.7587,-14.0
5511,5512000,0.9763,0.0
5513,5514000,4.3707,0.0
5515,5516000,3.612,-12.5
5517,5518000,-1.094,0.0
5519,5520000,-1.2876,0.0
5521,5522000,4.8509,-50.5
5523,5524000,1.2318,0.0
5525,5526000,2.0159,-49.5
5527,5528000,1.3617,-241.0
5529,5530000,0.6176,0.0
5531,5532000,0.7385,-5.5
5533,5534000,1.0802,0.0
5535,5536000,-0.4016,-10.0
5537,5538000,-0.9964,-4.5
5539,5540000,8.6613,-25.5
5541,5542000,2.4403,-18.0
5543,5544000,0.6957,0.0
5545,5546000,-0.528,-10.0
5547,5548000,0.7103,-77.0
5549,5550000,4.3298,0.0
5551,5552000,3.4349,-151.0
5553,5554000,-0.1429,-10.5
5555,5556000,0.8332,-9.0
5557,5558000,-0.2186,-272.5
5559,5560000,4.4363,-4.5
5561,5562000,5.512,-231.0
5563,5564000,4.224,0.0
5565,5566000,0.9598,-14.5
5567,5568000,2.9356,-12.5
5569,5570000,9.5973,-38.0
5571,5572000,-0.5427,-26.0
5573,5574000,1.9993,-207.0
5575,5576000,4.7304,-74.5
5577,5578000,0.8417,0.0
5579,5580000,2.9079,0.0
5581,5582000,-2.1801,0.0
5583,5584000,-0.9987,0.0
5585,5586000,7.2306,-153.0
5587,5588000,-0.6556,-194.0
5589,5590000,0.6512,-18.5
5591,5592000,2.4016,-6.5
5593,5594000,3.7464,0.0
5595,5596000,1.0811,-46.5
5597,5598000,2.8883,-45.0
5599,5600000,2.9727,-36.5
5601,5602000,0.3148,-21.0
5603,5604000,0.1726,-87.5
5605,5606000,3.8504,-36.5
5607,5608000,-1.035,-9.0
5609,5610000,-0.4474,0.0
5611,5612000,4.1768,-15.5
5613,5614000,1.5628,-22.0
5615,5616000,-1.8581,-78.5
5617,5618000,-2.5851,-29.0
5619,5620000,2.7023,-18.5
5621,5622000,4.5442,-49.0
5623,5624000,-0.8243,-9.0
5625,5626000,7.8178,-46.5
5627,5628000,-2.252,0.0
5629,5630000,-1.6066,0.0
5631,5632000,9.2996,-65.5
5633,5634000,5.8632,-11.0
5635,5636000,-0.0961,-8.0
5637,5638000,1.8013,-19.5
5639,5640000,-0.1722,-273.0
5641,5642000,-0.2286,-9.0
5643,5644000,6.0788,-129.5
5645,5646000,2.9374,0.0
5647,5648000,5.4095,-22.0
5649,5650000,-0.8219,-7.0
5651,5652000,2.5509,0.0
5653,5654000,6.8988,0.0
5655,5656000,1.5601,-24.0
5657,5658000,7.4025,-56.0
5659,5660000,1.9555,-10.5
5661,5662000,4.7464,-35.5
5663,5664000,-0.5646,-529.0
5665,5666000,2.0445,0.0
5667,5668000,7.4006,-43.0
5669,5670000,1.6318,-40.0
5671,5672000,2.0587,-41.5
5673,5674000,-0.1154,-28.5
5675,5676000,5.097,0.0
5677,5678000,3.4975,-179.5
5679,5680000,7.5122,0.0
5681,5682000,3.1488,-14.0
5683,5684000,-1.6236,0.0
5685,5686000,-0.1596,-28.5
5687,5688000,2.5345,-7.5
5689,5690000,1.7645,0.0
5691,5692000,-0.3983,-9.5
5693,5694000,-0.7283,0.0
5695,5696000,0.464,-33.5
5697,5698000,6.7419,-25.0
5699,5700000,3.2113,-13.0
5701,5702000,1.4058,-8.0
5703,5704000,-1.5141,-54.5
5705,5706000,0.5043,-8.0
5707,5708000,1.5479,-26.0
5709,5710000,-0.141,-9.0
5711,5712000,-1.8355,-25.0
5713,5714000,-1.2625,0.0
5715,5716000,4.4249,-63.0
5717,5718000,1.1539,-8.5
5719,5720000,-1.0054,-15.0
5721,5722000,4.8126,-34.5
5723,5724000,2.5845,-95.0
5725,5726000,12.7442,-3.0
5727,5728000,3.73,-72.5
5729,5730000,2.2159,-35.5
5731,5732000,4.8484,-22.5
5733,5734000,-0.027,0.0
5735,5736000,4.0542,-33.5
5737,5738000,0.1136,-68.0
5739,5740000,-0.7532,-217.0
5741,5742000,-3.1613,0.0
5743,5744000,1.4199,-26.0
5745,5746000,1.0487,-79.0
5747,5748000,5.87,-30.5
5749,5750000,1.2615,-174.0
5751,5752000,5.8804,0.0
5753,5754000,3.53,-10.0
5755,5756000,1.2052,-7.0
5757,5758000,-0.8871,-121.5
5759,5760000,4.2473,-13.5
5761,5762000,-0.3549,0.0
5763,5764000,-0.0636,-1.5
5765,5766000,-0.7034,-148.5
5767,5768000,-0.4734,-0.5
5769,5770000,3.0947,-25.5
5771,5772000,-2.076,0.0
5773,5774000,-1.6304,-9.5
5775,5776000,4.479,-25.5
5777,5778000,-0.6398,-8.5
5779,5780000,-1.7502,-62.0
5781,5782000,0.4699,0.0
5783,5784000,0.7131,-47.0
5785,5786000,-3.8949,0.0
5787,5788000,-1.8436,-10.5
5789,5790000,-0.7454,0.0
5791,5792000,-0.4121,0.0
5793,5794000,0.8067,-95.5
5795,5796000,1.7488,0.0
5797,5798000,2.8916,-44.5
5799,5800000,2.8452,-10.5
5801,5802000,0.8138,-11.0
5803,5804000,0.8381,-12.5
5805,5806000,-1.8432,0.0
5807,5808000,0.1955,-8.5
5809,5810000,3.8255,-46.5
5811,5812000,-0.7688,-27.0
5813,5814000,-1.6136,0.0
5815,5816000,3.6861,-7.0
5817,5818000,-0.3189,0.0
5819,5820000,3.2871,-66.5
5821,5822000,2.2172,0.0
5823,5824000,0.6268,-24.5
5825,5826000,2.7322,-62.5
5827,5828000,2.8108,-35.5
5829,5830000,4.4637,0.0
5831,5832000,-0.7321,-8.5
5833,5834000,0.1143,-6.5
5835,5836000,2.1873,-56.0
5837,5838000,-0.8954,0.0
5839,5840000,2.5094,-69.5
5841,5842000,4.7194,-21.0
5843,5844000,3.3622,-25.5
5845,5846000,4.8496,-36.0
5847,5848000,0.9006,-6.5
5849,5850000,-0.1822,0.0
5851,5852000,0.3767,0.0
5853,5854000,4.8235,-17.0
5855,5856000,1.7314,-41.0
5857,5858000,3.3004,-41.5
5859,5860000,3.3585,-18.5
5861,5862000,7.0155,-12.0
5863,5864000,0.8795,-9.0
5865,5866000,3.4482,-10.5
5867,5868000,4.2137,-39.5
5869,5870000,-1.951,0.0
5871,5872000,-0.1545,-20.5
5873,5874000,1.0524,-25.5
5875,5876000,2.6246,-3.5
5877,5878000,6.7027,-7.0
5879,5880000,-0.0578,-25.5
5881,5882000,5.0167,-50.0
5883,5884000,0.5667,-53.5
5885,5886000,0.7387,-4.5
5887,5888000,-0.1148,0.0
5889,5890000,3.2395,-15.5
5891,5892000,1.6965,-11.5
5893,5894000,0.9366,-172.5
5895,5896000,-0.5611,-30.5
5897,5898000,0.2679,-81.5
5899,5900000,2.6395,-8.5
5901,5902000,2.8821,0.0
5903,5904000,-0.1879,-110.5
5905,5906000,1.2032,-168.5
5907,5908000,0.8688,-47.5
5909,5910000,3.2559,-11.0
5911,5912000,2.615,-55.5
5913,5914000,1.2998,-64.0
5915,5916000,0.8496,-133.5
5917,5918000,-1.0042,-98.5
5919,5920000,0.2282,0.0
5921,5922000,-0.9074,-16.0
5923,5924000,-0.2323,0.0
5925,5926000,-0.1527,-34.5
5927,5928000,1.4506,-7.0
5929,5930000,1.4964,-9.5
5931,5932000,1.6289,0.0
5933,5934000,-0.9934,-29.5
5935,5936000,1.976,-17.5
5937,5938000,5.8605,-18.5
5939,5940000,3.3831,-10.0
5941,5942000,0.0439,-15.5
5943,5944000,-0.994,0.0
5945,5946000,0.1178,0.0
5947,5948000,5.4735,-30.5
5949,5950000,1.1966,-6.5
5951,5952000,2.5474,-21.0
5953,5954000,0.855,0.0
5955,5956000,1.5493,0.0
5957,5958000,2.0789,-41.0
5959,5960000,2.3493,-215.5
5961,5962000,4.2789,-26.0
5963,5964000,-0.4677,-79.5
5965,5966000,1.5593,0.0
5967,5968000,2.4944,-255.0
5969,5970000,0.5699,-68.5
5971,5972000,-0.5403,0.0
5973,5974000,0.6056,-11.0
5975,5976000,2.1111,-10.0
5977,5978000,2.1516,0.0
5979,5980000,0.267,0.0
5981,5982000,2.8641,-17.0
5983,5984000,2.0039,-6.5
5985,5986000,-0.6596,-12.0
5987,5988000,3.9025,-28.5
5989,5990000,-1.9517,0.0
5991,5992000,-1.4704,0.0
5993,5994000,2.5992,0.0
5995,5996000,0.8804,0.0
5997,5998000,-1.57,-16.5
5999,6000000,1.436,-338.5
6001,6002000,4.4621,-31.0
6003,6004000,7.2175,-111.5
6005,6006000,4.0697,-20.0
6007,6008000,-0.1221,0.0
6009,6010000,5.996,-19.0
6011,6012000,1.2514,-14.5
6013,6014000,-0.1267,-15.0
6015,6016000,0.0527,-19.0
6017,6018000,2.6281,-43.5
6019,6020000,0.1733,-60.0
6021,6022000,5.3466,-23.0
6023,6024000,0.4112,-185.0
6025,6026000,1.4504,0.0
6027,6028000,1.1732,-9.0
6029,6030000,5.539,-26.0
6031,6032000,4.9137,0.0
6033,6034000,2.875,0.0
6035,6036000,-1.0325,-102.5
6037,6038000,1.6213,-59.5
6039,6040000,2.1122,-27.5
6041,6042000,2.2683,-13.0
6043,6044000,0.5311,-86.0
6045,6046000,2.4588,-12.5
6047,6048000,0.2352,-25.0
6049,6050000,3.514,-212.0
6051,6052000,1.8955,0.0
6053,6054000,-0.8604,0.0
6055,6056000,3.8829,-5.0
6057,6058000,0.2333,0.0
6059,6060000,1.6718,-30.5
6061,6062000,6.6163,-15.0
6063,6064000,3.0894,-28.0
6065,6066000,-0.8793,0.0
6067,6068000,5.3122,-27.5
6069,6070000,1.3449,-180.0
6071,6072000,4.3055,-38.5
6073,6074000,4.0924,-115.0
6075,6076000,-0.3943,-47.0
6077,6078000,0.9757,-28.5
6079,6080000,5.2253,-7.0
6081,6082000,2.2635,-5.0
6083,6084000,-0.9558,-48.0
6085,6086000,-0.1165,0.0
6087,6088000,2.3313,-61.5
6089,6090000,-0.9843,-6.0
6091,6092000,0.5175,-212.0
6093,6094000,8.1549,-6.5
6095,6096000,1.7245,-20.0
6097,6098000,1.9257,-41.5
6099,6100000,0.4661,-235.0
6101,6102000,2.6813,-8.0
6103,6104000,1.34,-17.5
6105,6106000,-0.134,0.0
6107,6108000,-0.0331,0.0
6109,6110000,1.5059,-40.5
6111,6112000,3.5119,-12.0
6113,6114000,-0.1188,-15.0
6115,6116000,2.7658,-66.0
6117,6118000,-0.151,0.0
6119,6120000,1.9311,-18.0
6121,6122000,2.837,0.0
6123,6124000,1.2393,-219.5
6125,6126000,-0.8542,-324.5
6127,6128000,3.1848,-32.5
6129,6130000,0.0857,0.0
6131,6132000,-2.4936,0.0
6133,6134000,2.2337,0.0
6135,6136000,3.3424,-55.5
6137,6138000,4.7359,-89.5
6139,6140000,-0.1561,0.0
6141,6142000,2.5936,-15.0
6143,6144000,1.9923,-187.0
6145,6146000,-0.3506,-9.0
6147,6148000,1.3375,0.0
6149,6150000,2.0899,-49.0
6151,6152000,4.2784,-88.0
6153,6154000,-0.2267,0.0
6155,6156000,-2.2554,0.0
6157,6158000,1.9519,0.0
6159,6160000,4.4115,-3.0
6161,6162000,-2.3092,0.0
6163,6164000,5.3606,-16.0
6165,6166000,0.255,0.0
6167,6168000,2.3503,0.0
6169,6170000,0.8575,-51.5
6171,6172000,2.045,-10.5
6173,6174000,1.5171,0.0
6175,6176000,2.3058,-10.5
6177,6178000,5.9552,-34.0
6179,6180000,1.246,0.0
6181,6182000,0.1905,0.0
6183,6184000,2.9672,-30.5
6185,6186000,1.003,-96.5
6187,6188000,-1.135,-15.0
6189,6190000,0.6424,-74.0
6191,6192000,1.3243,-24.0
6193,6194000,3.7482,-210.0
6195,6196000,-2.5372,-24.5
6197,6198000,1.2134,0.0
6199,6200000,3.322,-136.0
6201,6202000,-0.8896,-10.5
6203,6204000,-3.4385,-155.0
6205,6206000,1.0706,-6.5
6207,6208000,1.4014,0.0
6209,6210000,1.8517,-19.5
6211,6212000,1.6781,-49.5
6213,6214000,3.9085,0.0
6215,6216000,1.811,-118.5
6217,6218000,-0.6652,-94.5
6219,6220000,1.6307,-128.0
6221,6222000,0.0318,-33.5
6223,6224000,3.2037,-40.0
6225,6226000,2.2645,0.0
6227,6228000,1.2102,0.0
6229,6230000,-1.4796,0.0
6231,6232000,1.9865,-29.5
6233,6234000,-0.314,-48.5
6235,6236000,-0.4615,-102.5
6237,6238000,1.807,0.0
6239,6240000,5.7951,-34.5
6241,6242000,4.4224,-18.0
6243,6244000,3.1451,-72.0
6245,6246000,3.9021,-33.0
6247,6248000,0.8237,0.0
6249,6250000,3.2848,-148.5
6251,6252000,2.9082,-36.5
6253,6254000,-0.3478,-37.5
6255,6256000,4.0488,-25.0
6257,6258000,0.0837,-21.5
6259,6260000,-2.5432,-31.0
6261,6262000,0.0166,-32.5
6263,6264000,5.1239,-19.5
6265,6266000,3.0367,-89.0
6267,6268000,0.4382,-7.5
6269,6270000,1.3124,-11.5
6271,6272000,-0.72,-31.5
6273,6274000,1.6021,-16.5
6275,6276000,3.3283,-8.5
6277,6278000,-0.2689,0.0
6279,6280000,3.5899,0.0
6281,6282000,2.7199,-14.0
6283,6284000,9.1181,-65.0
6285,6286000,1.8147,-9.0
6287,6288000,7.8147,-3.5
6289,6290000,1.0239,-5.5
6291,6292000,-0.6624,-364.0
6293,6294000,4.5188,-29.5
6295,6296000,-0.3093,-6.0
6297,6298000,1.7713,0.0
6299,6300000,-3.0401,-9.0
6301,6302000,4.7943,-19.5
6303,6304000,1.7248,-294.0
6305,6306000,6.7816,-34.5
6307,6308000,3.12,0.0
6309,6310000,0.1873,0.0
6311,6312000,3.046,-1.5
6313,6314000,3.4935,-5.0
6315,6316000,-0.7358,-4.5
6317,6318000,1.7078,-37.0
6319,6320000,0.516,-15.5
6321,6322000,2.9494,-31.5
6323,6324000,-1.3106,0.0
6325,6326000,-1.9338,0.0
6327,6328000,2.5705,-8.5
6329,6330000,6.1354,-18.5
6331,6332000,0.2849,-28.5
6333,6334000,0.576,-17.5
6335,6336000,0.755,-173.5
6337,6338000,1.7579,-32.0
6339,6340000,-1.3533,0.0
6341,6342000,0.8207,-30.0
6343,6344000,5.141,-18.5
6345,6346000,4.3837,-27.0
6347,6348000,-0.1076,0.0
6349,6350000,6.8072,-38.0
6351,6352000,1.4402,-2.5
6353,6354000,-1.8903,0.0
6355,6356000,0.5971,0.0
6357,6358000,-1.6855,-46.5
6359,6360000,3.8434,-26.5
6361,6362000,4.8501,0.0
6363,6364000,-0.7748,0.0
6365,6366000,0.7725,0.0
6367,6368000,1.3684,0.0
6369,6370000,2.2769,0.0
6371,6372000,0.0344,0.0
6373,6374000,-1.6659,0.0
6375,6376000,-1.7934,-126.0
6377,6378000,-1.6989,-81.5
6379,6380000,5.783,0.0
6381,6382000,5.3267,-73.5
6383,6384000,4.0437,-7.5
6385,6386000,2.7765,-4.0
6387,6388000,0.3268,0.0
6389,6390000,3.0574,-8.0
6391,6392000,0.5476,-10.5
6393,6394000,-1.0367,0.0
6395,6396000,0.0966,0.0
6397,6398000,0.0354,0.0
6399,6400000,4.9442,-4.5
6401,6402000,3.683,-15.5
6403,6404000,2.055,-14.5
6405,6406000,-1.6419,-6.5
6407,6408000,6.4049,-32.0
6409,6410000,1.1484,-38.0
6411,6412000,3.2331,-13.0
6413,6414000,3.7212,-29.0
6415,6416000,2.3153,-20.5
6417,6418000,0.3499,-67.5
6419,6420000,-0.0668,-177.0
6421,6422000,3.4573,-18.5
6423,6424000,7.7324,-48.0
6425,6426000,1.6717,-13.5
6427,6428000,3.2036,-1.5
6429,6430000,4.0463,-10.0
6431,6432000,4.8998,-1.0
6433,6434000,0.9522,-235.0
6435,6436000,0.4852,-25.0
6437,6438000,2.3313,-4.0
6439,6440000,-0.1798,-10.0
6441,6442000,1.0597,-28.0
6443,6444000,0.8745,-100.0
6445,6446000,1.5825,0.0
6447,6448000,1.9771,-31.5
6449,6450000,1.166,-83.5
6451,6452000,0.1032,0.0
6453,6454000,-0.2057,-1.5
6455,6456000,0.1211,0.0
6457,6458000,1.1617,-58.5
6459,6460000,4.1549,-6.0
6461,6462000,-0.9657,-19.0
6463,6464000,5.0788,-75.5
6465,6466000,2.6423,0.0
6467,6468000,2.443,-244.5
6469,6470000,-2.3167,0.0
6471,6472000,-1.0745,-11.0
6473,6474000,-0.7005,0.0
6475,6476000,4.4454,-82.5
6477,6478000,3.2725,-10.0
6479,6480000,4.7731,-28.0
6481,6482000,-2.2655,-16.5
6483,6484000,4.153,-22.5
6485,6486000,2.13,-127.5
6487,6488000,0.6844,-115.5
6489,6490000,-0.6676,0.0
6491,6492000,4.0089,-255.5
6493,6494000,5.7909,-14.5
6495,6496000,2.4699,-8.0
6497,6498000,0.0321,-88.0
6499,6500000,-0.1487,-28.0
6501,6502000,-0.0028,0.0
6503,6504000,0.4813,-8.0
6505,6506000,4.0018,-9.0
6507,6508000,3.1976,0.0
6509,6510000,1.3736,-74.5
6511,6512000,1.0044,0.0
6513,6514000,5.7043,-47.5
6515,6516000,0.9944,-53.0
6517,6518000,1.9746,0.0
6519,6520000,2.4999,-11.0
6521,6522000,-0.7822,-15.0
6523,6524000,6.0406,-43.5
6525,6526000,3.2526,-2.0
6527,6528000,1.9778,-57.0
6529,6530000,3.2195,-31.0
6531,6532000,1.85,-6.5
6533,6534000,-0.564,-10.0
6535,6536000,0.8462,-45.0
6537,6538000,-1.3372,-12.0
6539,6540000,2.4514,-24.5
6541,6542000,0.0774,0.0
6543,6544000,-0.1173,0.0
6545,6546000,2.0018,-44.0
6547,6548000,-0.2249,-9.5
6549,6550000,1.8546,0.0
6551,6552000,2.5011,-78.0
6553,6554000,0.6372,0.0
6555,6556000,-2.3501,-60.0
6557,6558000,0.2292,0.0
6559,6560000,2.4101,-18.0
6561,6562000,1.1855,-19.5
6563,6564000,1.6705,0.0
6565,6566000,2.9481,-52.0
6567,6568000,0.6318,0.0
6569,6570000,0.7644,-166.5
6571,6572000,-0.7333,-2.0
6573,6574000,1.7206,0.0
6575,6576000,1.2911,0.0
6577,6578000,1.1008,0.0
6579,6580000,2.6263,0.0
6581,6582000,1.1797,-3.5
6583,6584000,0.886,-27.0
6585,6586000,1.8444,-152.0
6587,6588000,4.729,-179.5
6589,6590000,4.446,-29.0
6591,6592000,3.8384,-27.5
6593,6594000,2.5367,-130.5
6595,6596000,0.7356,0.0
6597,6598000,0.3763,-32.5
6599,6600000,1.7314,-5.5
6601,6602000,0.7483,0.0
6603,6604000,7.1706,0.0
6605,6606000,-0.5919,-10.0
6607,6608000,5.0551,0.0
6609,6610000,1.9303,-7.0
6611,6612000,1.7491,-8.5
6613,6614000,4.2206,-6.5
6615,6616000,5.098,0.0
6617,6618000,1.5122,-288.5
6619,6620000,3.3791,-175.5
6621,6622000,0.3738,0.0
6623,6624000,1.0132,-5.5
6625,6626000,0.3038,0.0
6627,6628000,4.2281,0.0
6629,6630000,1.3126,-3.5
6631,6632000,3.0975,-33.5
6633,6634000,4.6538,-11.0
6635,6636000,1.1058,-20.0
6637,6638000,5.5448,-68.0
6639,6640000,0.0825,-128.5
6641,6642000,4.6669,-12.5
6643,6644000,-0.2017,0.0
6645,6646000,0.4024,-8.0
6647,6648000,4.0894,-26.0
6649,6650000,3.3516,0.0
6651,6652000,0.3976,-16.5
6653,6654000,-0.1651,0.0
6655,6656000,0.8548,-56.5
6657,6658000,4.089,-11.0
6659,6660000,2.5736,-54.5
6661,6662000,-0.5698,0.0
6663,6664000,-2.0199,-9.0
6665,6666000,2.4023,-33.0
6667,6668000,1.9668,-8.5
6669,6670000,6.1761,-222.0
6671,6672000,-0.4095,-48.0
6673,6674000,0.5378,0.0
6675,6676000,1.7741,-38.5
6677,6678000,-2.124,0.0
6679,6680000,2.16,-150.5
6681,6682000,1.8364,-13.0
6683,6684000,1.8703,0.0
6685,6686000,2.6435,-17.0
6687,6688000,-1.1771,-11.5
6689,6690000,2.8555,0.0
6691,6692000,2.8181,-560.5
6693,6694000,-0.109,0.0
6695,6696000,1.205,-13.5
6697,6698000,0.8209,0.0
6699,6700000,2.7523,0.0
6701,6702000,3.3072,-128.5
6703,6704000,1.9359,-7.5
6705,6706000,-1.9449,0.0
6707,6708000,3.403,-48.0
6709,6710000,1.8423,0.0
6711,6712000,0.2959,0.0
6713,6714000,4.6175,-15.5
6715,6716000,4.116,0.0
6717,6718000,0.8646,-7.0
6719,6720000,1.1918,-64.5
6721,6722000,5.2163,-143.5
6723,6724000,5.0525,-38.5
6725,6726000,2.2073,-7.0
6727,6728000,2.7781,-21.5
6729,6730000,4.9984,-8.0
6731,6732000,0.7284,-48.5
6733,6734000,1.1252,0.0
6735,6736000,6.7709,-15.0
6737,6738000,2.0613,-100.0
6739,6740000,2.9683,-5.5
6741,6742000,2.6002,-92.0
6743,6744000,1.8818,-174.5
6745,6746000,1.5691,-135.5
6747,6748000,-1.9325,-8.5
6749,6750000,-1.0485,0.0
6751,6752000,3.0482,-22.0
6753,6754000,5.4623,-6.0
6755,6756000,1.0629,-92.0
6757,6758000,3.9638,-10.0
6759,6760000,5.4186,-33.0
6761,6762000,3.8281,-31.5
6763,6764000,6.7719,-31.5
6765,6766000,2.1969,0.0
6767,6768000,0.178,-8.0
6769,6770000,1.3834,-65.5
6771,6772000,4.0088,-261.0
6773,6774000,2.4824,-10.5
6775,6776000,3.8704,-88.0
6777,6778000,-0.9047,-10.0
6779,6780000,-0.5599,-100.0
6781,6782000,-0.272,0.0
6783,6784000,1.3457,-27.5
6785,6786000,3.7207,-11.5
6787,6788000,-1.3797,0.0
6789,6790000,2.5301,-8.5
6791,6792000,2.3174,-99.5
6793,6794000,3.5658,-13.5
6795,6796000,-2.3304,0.0
6797,6798000,3.8647,-352.0
6799,6800000,2.4936,-55.0
6801,6802000,1.4422,-8.5
6803,6804000,1.0572,-12.5
6805,6806000,0.2203,-42.5
6807,6808000,0.3102,0.0
6809,6810000,0.9674,-12.0
6811,6812000,-1.2598,0.0
6813,6814000,1.0526,-18.5
6815,6816000,2.3508,-97.5
6817,6818000,2.2678,-118.0
6819,6820000,-1.1737,0.0
6821,6822000,0.415,-5.5
6823,6824000,3.484,-44.0
6825,6826000,1.5907,-12.5
6827,6828000,0.3137,-427.0
6829,6830000,-0.7839,-10.0
6831,6832000,0.6557,-19.5
6833,6834000,0.0616,0.0
6835,6836000,-0.1435,-8.5
6837,6838000,-1.6154,0.0
6839,6840000,2.5429,0.0
6841,6842000,1.1288,-18.5
6843,6844000,3.2182,-13.5
6845,6846000,2.2454,-16.0
6847,6848000,2.7493,-22.0
6849,6850000,0.0181,0.0
6851,6852000,3.0713,-111.5
6853,6854000,-1.0625,-39.5
6855,6856000,4.3149,-78.5
6857,6858000,4.8713,-9.5
6859,6860000,1.4741,0.0
6861,6862000,0.4359,0.0
6863,6864000,0.4376,-26.5
6865,6866000,3.1726,-228.5
6867,6868000,2.7423,-186.0
6869,6870000,5.076,0.0
6871,6872000,5.3956,-10.5
6873,6874000,1.5015,-2.5
6875,6876000,0.5897,0.0
6877,6878000,0.5017,0.0
6879,6880000,1.7388,-4.0
6881,6882000,0.9649,0.0
6883,6884000,2.4543,-27.5
6885,6886000,-1.9043,-72.5
6887,6888000,-1.0597,-105.5
6889,6890000,1.3836,-10.5
6891,6892000,6.5072,-34.5
6893,6894000,0.1486,-66.0
6895,6896000,4.3318,-66.5
6897,6898000,1.1209,-70.0
6899,6900000,0.3587,-111.0
6901,6902000,3.018,-18.5
6903,6904000,-0.7611,0.0
6905,6906000,2.4609,0.0
6907,6908000,1.0265,0.0
6909,6910000,1.8654,-25.0
6911,6912000,2.9139,-12.5
6913,6914000,-0.8757,-62.0
6915,6916000,-0.3619,0.0
6917,6918000,-0.0733,-2.5
6919,6920000,3.6491,-83.5
6921,6922000,-0.6587,0.0
6923,6924000,0.9255,-6.0
6925,6926000,2.4262,-102.5
6927,6928000,-1.4464,-24.5
6929,6930000,-1.8291,0.0
6931,6932000,5.8067,-38.0
6933,6934000,-0.0096,-15.5
6935,6936000,1.295,-11.0
6937,6938000,1.3703,-14.0
6939,6940000,1.1847,0.0
6941,6942000,3.4565,-12.5
6943,6944000,4.3547,0.0
6945,6946000,-1.4526,0.0
6947,6948000,0.7172,0.0
6949,6950000,5.6586,-52.0
6951,6952000,1.2601,0.0
6953,6954000,2.5385,0.0
